subject_type,subject_mode,object_type,relation,direction,valence,population_role,population_setting,measurement_horizon,statistical_marking,epistemic_strength
True,True,True,True,True,True,False,False,False,True,True
True,True,True,True,True,True,False,False,False,True,True
True,True,True,True,True,True,False,False,False,True,True
True,True,True,True,True,True,False,False,False,True,True
True,True,True,True,True,True,False,False,False,True,True
True,True,True,True,True,True,False,False,False,True,True
True,True,True,True,True,True,False,False,False,True,True
True,True,True,True,True,True,False,False,False,True,True
True,True,True,True,True,True,False,True,True,True,True
True,True,True,True,True,True,False,True,True,True,True
True,True,True,True,True,True,False,True,False,True,True
True,True,True,True,True,True,True,True,True,True,True
True,True,True,True,True,True,False,False,False,True,True
True,True,True,True,True,True,True,True,False,False,True
True,True,True,True,True,True,True,True,True,True,True
True,True,True,True,True,True,True,True,True,False,True
True,True,True,True,True,True,True,True,True,True,True
True,True,True,True,True,True,True,True,True,True,True
True,True,True,True,True,True,True,True,True,True,True
True,True,True,True,True,True,False,False,False,True,True
True,True,True,True,True,True,False,False,False,True,True
True,True,True,True,True,False,False,False,False,True,True
True,True,True,True,True,True,True,True,True,False,True
True,True,True,True,True,True,True,True,False,False,True
True,False,True,False,True,False,True,False,False,False,True
False,True,True,True,True,True,True,False,False,False,True
False,False,False,True,False,False,False,False,False,False,True
True,True,True,True,True,True,False,False,True,False,True
True,False,True,True,False,False,False,True,False,False,True
True,True,True,True,True,True,False,True,True,False,True
True,True,True,True,True,True,True,True,False,False,True
True,True,True,True,True,True,True,True,True,False,True
True,True,True,True,True,True,True,True,False,False,True
True,True,True,True,True,True,True,True,False,False,True
True,True,True,True,True,True,True,True,False,False,True
True,True,True,True,True,True,False,True,False,False,True
True,True,True,True,True,True,False,False,False,False,True
True,True,True,True,True,True,False,False,False,False,True
True,True,True,True,True,True,False,False,False,False,True
True,True,True,True,True,True,False,True,True,False,True
False,True,True,False,False,True,False,False,False,False,True
True,True,True,False,True,False,True,True,False,False,True
True,True,True,True,True,True,True,True,False,False,True
False,False,False,False,False,False,False,True,False,False,True
True,True,True,True,True,True,True,True,True,True,True
True,True,True,True,True,True,True,True,True,True,True
True,True,True,True,True,True,True,True,False,False,True
True,True,True,False,True,False,True,True,False,False,True
False,True,True,True,True,True,True,True,False,False,True
False,True,True,True,True,True,False,False,False,False,True
True,True,False,True,True,True,True,True,False,False,True
False,True,True,True,True,True,True,True,False,False,True
True,True,True,True,True,True,True,True,True,False,True
False,True,True,True,True,True,False,False,False,False,True
True,True,True,True,True,True,False,False,False,False,True
True,True,True,True,True,True,True,True,False,False,True
False,False,True,True,False,False,True,False,False,False,True
False,True,False,True,True,True,True,True,False,False,True
False,False,True,False,False,False,True,False,False,False,True
True,True,True,True,True,True,True,True,True,False,True
True,True,True,True,True,True,True,False,True,False,True
True,True,True,True,True,True,False,False,False,False,True
False,False,True,True,False,False,False,False,False,False,True
True,True,True,True,True,True,True,True,False,False,True
True,True,True,True,True,True,True,True,False,False,True
True,True,True,True,True,True,True,True,False,False,True
False,True,True,True,True,True,False,False,False,False,True
True,True,True,True,True,True,False,False,False,False,True
True,True,False,True,True,True,False,False,False,False,True
True,True,True,True,True,True,True,True,True,False,True
True,True,True,True,True,True,True,True,False,False,True
True,True,True,True,True,True,True,True,False,False,True
True,True,True,True,True,True,True,True,False,False,True
True,True,True,True,True,True,True,True,False,False,True
True,True,True,True,True,True,True,True,False,False,True
True,True,True,True,True,True,True,True,False,False,True
True,False,True,True,False,False,False,False,False,True,True
False,True,True,True,True,True,True,True,False,False,True
True,True,True,True,True,True,False,True,False,False,True
True,True,True,True,True,True,True,True,False,True,True
True,True,True,True,True,True,True,True,False,False,True
True,True,True,True,True,True,True,True,False,False,True
True,True,True,True,True,True,True,False,False,False,True
True,True,True,False,True,True,True,False,False,False,True
True,True,True,True,True,True,True,False,False,False,True
False,False,True,True,True,True,True,False,False,False,True
True,True,True,True,True,True,True,True,False,True,True
False,False,True,False,False,True,False,False,False,False,True
True,False,True,True,True,True,True,False,False,True,True
False,False,True,True,True,True,False,False,False,False,True
False,False,True,True,True,False,False,False,False,False,True
True,False,True,True,True,True,False,False,False,True,True
True,False,True,True,False,False,False,False,False,False,True
True,False,True,True,False,False,False,False,False,False,True
True,False,True,True,False,False,False,False,False,False,True
True,False,True,True,False,False,False,False,False,False,True
True,True,True,True,True,True,True,True,False,True,True
True,True,True,True,True,True,True,True,False,False,True
True,True,True,True,True,True,False,False,False,False,True
True,True,True,True,True,True,False,True,False,False,True
True,True,True,True,True,True,False,True,False,False,True
True,True,True,True,True,True,True,True,False,False,True
True,True,True,True,True,True,False,False,False,False,True
True,False,False,True,False,False,False,True,False,False,True
True,True,False,False,False,False,False,True,False,False,True
True,True,True,True,True,True,False,False,False,False,True
False,False,True,True,True,True,True,True,False,False,True
False,False,False,False,False,False,True,True,False,False,True
True,True,True,True,True,True,False,False,False,False,True
False,False,True,False,False,False,False,False,False,False,True
True,True,True,True,True,True,True,True,False,False,True
True,False,True,True,True,True,True,True,False,False,True
True,True,True,True,True,True,True,False,False,False,True
True,True,True,True,True,True,False,False,False,False,True
True,True,True,True,True,True,True,False,False,False,True
True,False,True,True,False,False,False,False,False,False,True
True,True,True,True,True,True,False,False,True,False,True
False,False,False,True,True,True,False,False,False,False,True
True,True,False,True,True,True,False,False,False,False,True
True,True,True,True,True,True,False,False,False,False,True
True,True,True,True,True,True,False,False,False,False,True
True,True,True,True,True,True,False,True,False,False,True
True,False,False,True,True,True,False,True,False,False,True
True,False,False,True,False,False,False,True,False,True,True
True,True,True,True,True,True,False,False,False,False,True
True,True,True,True,True,True,True,True,True,True,True
True,True,True,True,True,True,True,True,True,True,True
False,False,False,False,False,False,False,True,False,False,True
False,False,False,False,False,False,False,False,False,False,True
True,True,True,True,True,True,True,True,True,True,True
True,True,True,True,True,True,True,True,True,True,True
True,True,False,True,True,True,True,True,False,False,True
True,True,True,True,True,True,False,False,False,False,True
True,True,True,True,True,True,False,False,True,False,True
True,True,True,True,True,True,False,True,False,True,True
True,True,False,True,True,True,False,False,False,False,True
False,True,False,True,True,True,False,True,False,False,True
False,False,False,False,False,False,False,False,False,False,True
False,True,False,True,True,True,True,True,False,False,True
False,False,False,True,True,True,False,False,False,False,True
False,False,False,True,True,True,True,False,False,False,True
True,True,True,True,True,True,False,False,False,False,True
True,True,True,True,True,True,True,True,True,False,True
True,True,True,True,True,True,True,False,True,False,True
False,True,True,True,True,True,True,True,False,False,True
True,False,True,True,True,True,True,True,False,False,True
True,True,True,True,True,True,True,True,False,True,True
True,True,True,True,True,True,True,True,True,False,True
True,True,True,True,True,True,False,True,False,False,True
True,True,True,True,True,True,True,True,False,False,True
True,True,True,True,True,True,False,False,False,True,True
True,True,True,True,True,True,True,True,True,True,True
True,True,True,True,True,True,True,True,True,True,True
True,True,True,True,True,True,True,True,True,False,True
True,True,True,True,True,True,True,False,False,False,True
True,True,True,True,True,True,False,False,False,False,True
True,True,True,True,True,True,False,False,False,False,True
False,False,True,True,False,False,False,False,False,False,True
False,False,False,False,False,False,False,False,False,False,True
True,True,True,True,True,True,False,True,False,False,True
True,True,True,True,True,True,False,False,False,False,True
True,True,True,True,True,True,False,False,False,False,True
True,True,True,True,True,True,False,False,False,False,True
True,True,True,True,True,True,True,True,True,False,True
True,False,False,False,False,False,False,False,False,False,True
True,True,True,True,True,True,False,False,False,False,True
True,True,True,True,True,True,True,True,False,False,True
True,True,False,False,False,False,False,True,False,False,True
True,True,True,True,True,True,False,False,False,False,True
True,True,True,True,True,True,True,True,True,True,True
True,True,True,True,True,True,True,True,False,True,True
True,True,True,True,True,True,True,True,False,False,True
True,True,False,True,True,True,False,False,False,False,True
True,True,True,True,True,True,False,True,False,False,True
True,True,True,True,True,True,False,False,False,True,True
True,True,True,True,True,True,False,True,True,False,True
True,True,False,True,True,True,False,False,False,False,True
True,True,True,True,True,True,False,True,True,False,True
False,False,True,False,True,True,False,False,True,False,True
False,False,True,False,False,False,False,False,False,False,True
True,True,True,True,True,True,False,False,False,False,True
True,False,True,True,False,False,False,False,False,False,True
False,False,True,True,True,True,False,False,False,False,True
False,False,True,False,False,False,False,False,False,False,True
True,True,True,True,True,True,True,True,True,False,True
True,True,True,True,True,True,True,True,True,False,True
True,True,True,True,True,True,True,True,True,False,True
True,True,True,True,True,True,True,True,False,False,True
True,True,True,True,True,True,True,True,True,True,True
False,False,True,True,True,True,False,False,False,True,True
True,False,True,True,True,True,True,True,True,True,True
True,True,True,True,True,True,True,True,True,True,True
False,True,True,True,True,True,False,False,False,False,True
False,True,True,True,True,True,True,False,False,False,True
True,True,True,True,True,True,False,False,False,False,True
True,True,True,True,True,True,False,True,False,False,True
True,True,True,True,True,True,False,False,False,False,True
False,False,True,True,True,True,False,True,True,False,True
True,False,True,True,False,False,False,False,False,True,True
True,False,True,True,False,False,False,False,False,True,True
True,False,True,True,False,False,False,False,False,False,True
True,True,True,True,True,True,True,True,True,True,True
True,False,True,True,True,True,True,True,False,True,True
True,True,True,True,True,True,True,True,False,False,True
True,True,True,True,True,True,False,False,True,False,True
True,True,True,True,True,True,True,True,False,False,True
True,True,True,True,True,True,True,True,False,False,True
True,False,False,True,True,True,True,True,False,False,True
True,True,True,True,True,True,False,False,True,False,True
True,True,True,True,True,True,False,False,False,False,True
True,True,True,True,True,True,True,False,False,False,True
True,False,True,True,False,False,True,False,False,True,True
False,False,False,True,False,False,True,False,False,False,True
True,True,True,True,True,True,True,True,True,False,True
True,True,True,True,True,True,True,True,True,False,True
False,False,True,True,True,True,False,True,True,True,True
True,True,True,True,True,True,True,False,False,False,True
True,True,True,False,False,False,True,True,False,False,True
True,True,True,True,True,True,True,False,False,False,True
True,True,True,True,True,True,True,False,False,False,True
True,True,True,True,True,True,False,True,False,False,True
True,True,True,True,True,True,True,False,True,False,True
True,True,True,True,True,True,False,False,False,False,True
True,True,True,True,True,True,True,True,True,False,True
True,True,True,True,False,False,True,False,False,True,True
True,False,True,True,False,True,True,False,False,False,True
True,True,True,True,True,True,True,False,False,False,True
False,False,False,True,True,True,True,False,False,True,True
True,True,True,True,True,True,True,True,False,False,True
True,True,True,True,True,True,True,True,False,False,True
False,True,True,True,True,True,True,True,False,False,True
True,True,False,False,False,True,False,False,False,False,True
True,False,True,False,False,True,True,False,False,False,True
True,False,False,False,False,False,False,False,False,False,True
True,True,True,False,False,False,True,False,False,False,True
True,True,True,True,True,True,True,True,False,True,True
True,True,True,True,True,True,True,False,False,False,True
True,True,True,True,True,True,False,False,False,True,True
True,True,True,True,True,True,True,False,False,True,True
True,True,True,True,True,True,True,False,True,False,True
True,True,True,True,True,True,True,True,False,False,True
True,True,True,True,True,True,True,False,False,False,True
True,True,True,True,True,True,True,True,False,False,True
True,True,True,True,True,True,True,True,False,False,True
True,True,True,True,True,True,True,True,False,True,True
True,True,False,True,False,True,False,False,False,False,True
True,True,True,True,True,True,False,False,False,False,True
True,True,True,True,True,True,True,False,True,False,True
True,True,True,True,True,True,False,False,False,False,True
False,False,True,True,True,True,False,False,False,False,True
False,False,True,True,True,False,False,False,False,False,True
True,False,True,True,True,True,False,False,False,False,True
False,False,True,True,False,False,False,False,False,False,True
False,False,True,True,True,True,False,False,False,False,True
False,False,True,True,True,True,False,False,False,False,True
False,False,True,True,True,True,False,False,False,False,True
True,True,True,True,True,True,True,False,False,False,True
True,True,True,True,True,True,False,False,False,False,True
False,False,False,True,True,True,False,False,False,False,True
True,True,True,True,True,True,False,False,False,False,True
True,True,True,True,True,True,False,False,False,False,True
False,False,False,False,False,True,False,False,False,False,True
True,False,True,False,True,True,True,False,False,False,True
False,False,True,False,False,False,True,False,False,False,True
True,True,True,True,True,True,False,False,False,False,True
True,True,True,True,True,True,False,False,False,True,True
True,True,True,True,True,True,False,False,False,True,True
True,True,True,True,True,True,False,False,False,True,True
True,True,True,True,True,True,False,False,True,False,True
True,True,True,True,True,True,False,False,True,False,True
True,True,True,True,True,True,False,False,True,True,True
True,True,True,True,True,True,False,True,True,True,True
True,True,True,True,True,True,False,False,False,True,True
True,True,True,True,True,True,False,False,False,False,True
True,False,True,True,True,True,True,False,True,False,True
True,True,True,True,True,True,False,False,False,True,True
True,True,True,True,True,True,False,False,False,True,True
True,True,True,True,True,True,False,False,False,True,True
True,True,True,True,True,True,True,False,True,False,True
True,True,True,True,True,True,False,False,False,False,True
True,True,True,True,True,True,False,True,False,True,True
False,False,True,True,True,True,False,True,False,False,True
True,True,True,True,True,True,False,False,False,False,True
True,True,True,True,True,True,True,True,False,False,True
True,True,True,True,True,True,True,True,False,False,True
True,True,True,True,True,True,True,False,True,False,True
True,True,True,True,True,True,True,True,True,False,True
True,True,True,True,True,True,True,True,True,False,True
True,True,True,True,True,True,True,True,False,False,True
True,True,True,True,True,True,False,False,False,False,True
True,True,False,True,True,True,False,False,False,False,True
True,True,True,True,True,True,False,False,False,True,True
True,False,True,True,False,False,True,False,False,True,True
True,True,True,True,True,True,True,True,False,False,True
False,False,True,True,True,False,True,True,False,False,True
True,False,True,True,False,True,False,False,False,True,True
True,False,True,True,True,True,False,False,True,True,True
True,True,True,True,True,True,False,False,False,True,True
True,True,True,True,True,True,False,False,False,True,True
True,False,True,True,False,False,False,False,False,False,True
True,True,True,True,True,True,True,True,False,True,True
True,True,True,True,True,True,True,False,False,False,True
True,True,True,True,True,True,False,False,False,True,True
True,True,True,True,True,True,False,False,False,False,True
True,True,True,True,True,True,False,False,False,False,True
True,True,True,True,True,True,False,False,True,False,True
True,True,True,True,True,True,False,False,False,False,True
False,False,False,True,True,False,False,False,False,False,True
True,False,True,True,True,True,False,False,False,False,True
True,True,True,True,True,True,False,False,True,False,True
False,True,True,True,True,True,True,True,True,False,True
True,True,False,False,False,False,True,True,False,False,True
False,True,True,True,True,True,True,True,True,False,True
False,True,False,True,True,True,False,False,False,False,True
True,True,True,True,True,True,True,False,False,False,True
True,False,False,False,False,False,True,False,False,False,True
True,True,True,True,True,True,True,True,False,False,True
True,True,True,True,True,True,False,True,False,False,True
True,True,False,True,True,True,True,True,False,False,True
True,True,True,True,True,True,False,True,False,False,True
True,True,True,True,True,True,True,False,False,False,True
True,True,True,True,True,True,True,True,False,False,True
True,True,True,True,True,True,True,True,False,False,True
True,True,True,True,True,True,True,True,False,False,True
True,True,False,True,True,True,True,True,False,False,True
True,True,True,True,True,True,False,True,False,True,True
True,True,True,True,True,True,False,True,False,True,True
True,True,True,True,True,True,True,True,False,False,True
True,True,False,False,False,False,True,True,False,False,True
True,True,False,False,False,False,True,True,False,False,True
True,False,False,False,False,True,False,False,False,False,True
True,True,False,False,False,True,False,False,False,False,True
True,True,True,True,True,True,True,True,False,False,True
True,True,True,True,True,True,True,True,False,False,True
True,True,False,True,True,True,True,True,False,False,True
True,True,True,True,True,True,True,True,False,False,True
True,True,True,True,True,True,False,False,False,False,True
True,True,True,True,True,True,False,False,False,False,True
True,True,True,True,True,True,False,False,False,False,True
True,True,True,True,True,True,True,True,False,False,True
True,False,True,True,True,True,False,False,False,False,True
False,False,True,True,False,False,False,False,False,False,True
False,False,True,True,True,True,False,False,False,False,True
True,True,True,True,True,True,False,False,False,False,True
True,True,True,True,True,True,False,False,False,False,True
True,True,True,True,True,True,True,True,False,False,True
True,True,True,True,True,True,True,False,False,False,True
True,True,True,True,True,True,True,True,False,False,True
True,False,True,True,True,True,True,False,False,False,True
True,False,True,True,True,True,True,True,False,False,True
True,False,True,True,False,False,True,False,False,True,True
True,True,False,False,False,False,True,False,False,False,False
True,True,True,True,True,True,False,False,False,False,True
True,True,True,True,True,True,False,True,True,False,True
True,True,True,True,True,True,False,False,True,True,True
False,False,False,True,False,False,False,False,False,False,True
True,False,True,True,True,True,False,False,False,False,True
False,True,True,True,True,True,False,False,False,False,True
False,True,True,True,True,True,False,False,False,False,True
False,False,True,True,True,True,False,False,True,False,True
False,False,False,True,False,False,False,False,False,True,True
True,True,True,True,True,True,False,False,False,True,True
True,True,True,True,True,True,False,True,False,True,True
True,True,True,True,True,True,False,True,False,True,True
True,True,True,True,True,True,True,True,False,False,True
True,True,True,True,True,True,False,False,False,False,True
False,False,False,True,False,False,False,False,False,True,True
True,True,True,True,True,True,False,False,False,False,True
False,True,True,True,True,True,True,False,False,False,True
True,True,True,True,True,True,True,False,False,False,True
False,False,True,True,True,True,True,False,False,False,True
True,True,True,True,True,True,True,True,True,False,True
True,True,True,True,True,True,True,True,True,False,True
True,True,True,False,False,False,True,True,False,False,True
True,True,True,False,False,False,True,False,False,False,True
True,False,True,False,True,True,True,True,True,False,True
True,True,True,True,True,False,True,False,False,False,True
True,True,True,True,True,True,False,False,True,False,True
True,True,True,True,True,True,False,False,False,False,True
True,True,True,True,True,True,True,True,False,False,True
True,False,True,True,True,True,True,False,False,False,True
True,True,True,False,False,True,False,False,False,False,True
True,False,False,True,True,True,False,False,False,False,True
True,True,True,True,True,True,True,True,False,False,True
True,True,True,True,True,True,False,True,False,False,True
False,False,False,False,False,False,False,False,False,False,True
True,True,True,True,True,True,False,False,False,False,True
True,True,True,True,True,True,True,True,False,False,True
True,True,False,True,False,False,False,True,False,False,True
True,True,True,True,True,True,False,True,False,False,True
True,True,True,True,True,True,True,True,True,False,True
True,True,True,True,True,True,False,True,False,False,True
True,True,True,True,True,True,False,False,False,False,True
True,True,True,True,True,True,True,True,False,False,True
True,True,True,True,True,True,True,True,False,False,True
True,True,True,True,True,True,True,True,False,False,True
True,True,True,True,True,True,True,False,False,False,True
True,True,True,True,True,True,True,False,False,False,True
True,False,True,True,True,False,True,False,False,False,True
True,False,True,True,True,True,True,True,False,True,True
True,True,True,True,True,True,False,False,False,False,True
False,True,False,True,True,True,False,False,False,False,True
True,True,True,True,True,True,False,True,True,False,True
True,True,True,True,True,True,False,False,False,False,True
True,True,True,True,True,True,False,False,False,False,True
True,True,True,True,True,True,False,False,False,False,True
False,True,True,True,True,False,False,False,False,False,True
True,True,False,False,False,False,True,False,False,False,True
True,True,True,True,True,True,True,False,False,False,True
True,True,True,True,True,True,True,True,False,False,True
True,True,True,True,True,True,True,False,False,False,True
True,True,True,True,True,True,False,False,False,False,True
True,True,False,False,False,False,True,True,False,False,True
True,True,True,True,True,True,True,True,False,False,True
True,True,False,True,True,True,True,True,False,False,True
True,True,True,True,True,True,True,True,True,True,True
True,True,True,True,True,True,False,False,False,True,True
True,True,True,True,True,True,False,False,False,True,True
True,True,True,True,True,True,True,True,False,False,True
True,True,True,True,True,True,True,True,False,False,True
True,True,True,True,True,True,True,False,False,False,True
True,True,True,True,True,True,True,True,False,False,True
True,True,True,True,True,True,False,False,False,False,True
True,True,True,True,True,True,False,False,False,False,True
True,True,True,True,True,True,True,False,False,False,True
True,True,True,True,True,True,False,True,False,False,True
True,True,True,True,True,True,False,False,False,True,True
False,False,False,False,False,False,False,False,False,False,True
False,False,True,False,False,False,False,False,False,False,True
False,True,False,True,True,True,False,True,False,False,True
True,False,False,True,True,True,False,False,False,False,True
False,False,False,False,False,False,False,False,False,False,True
False,False,True,True,True,True,False,False,False,False,True
True,True,True,True,True,True,False,True,False,False,True
False,True,True,True,True,True,False,False,False,False,True
True,False,True,False,False,False,False,False,False,False,True
False,True,True,True,True,True,True,True,False,False,True
True,True,True,True,True,True,False,False,True,False,True
False,True,False,False,True,True,False,False,False,False,True
True,True,True,True,True,True,False,False,False,False,True
True,True,True,True,True,True,True,True,False,False,True
True,True,True,True,True,True,False,False,False,False,True
False,False,True,True,True,True,False,False,False,False,True
True,True,True,True,True,False,False,False,True,False,True
True,True,False,True,False,False,False,True,False,False,True
True,True,False,True,True,True,True,True,False,False,True
False,False,False,False,False,False,False,False,False,False,True
False,False,False,False,False,False,False,False,False,False,True
False,False,False,True,False,True,False,True,False,False,False
True,True,False,False,False,True,False,True,False,False,True
True,False,True,True,True,True,True,False,False,True,True
False,False,True,False,False,False,False,False,False,False,False
False,False,False,False,False,False,False,False,False,False,True
True,True,False,True,False,False,False,False,False,False,True
True,True,False,True,True,True,False,True,False,False,True
True,True,True,True,True,True,False,False,False,False,True
True,True,True,True,True,True,False,False,False,False,True
True,False,True,False,False,False,True,True,False,False,False
True,False,False,True,False,False,False,False,False,False,True
True,True,True,True,True,True,True,True,False,False,True
True,True,True,True,True,True,True,True,False,True,True
True,True,True,True,True,True,True,True,True,False,True
True,True,True,True,True,True,True,False,False,False,True
False,True,True,True,True,True,False,False,True,False,True
True,True,True,True,True,True,True,False,False,False,True
True,True,True,True,True,True,False,False,False,False,True
True,False,True,True,True,True,True,False,False,False,True
True,False,True,True,False,False,False,False,False,True,True
True,True,True,True,True,True,False,True,True,True,True
True,True,True,True,True,True,False,True,True,True,True
True,True,True,True,True,True,False,True,False,True,True
True,True,True,True,True,True,False,False,False,False,True
True,True,True,True,True,True,False,False,False,False,True
True,True,True,True,True,True,False,False,False,False,True
True,True,True,True,True,True,False,False,False,False,True
False,False,True,True,True,True,False,False,False,False,True
True,True,True,True,True,True,True,True,False,True,True
False,True,True,True,True,True,True,True,False,False,True
False,True,True,True,True,True,True,True,False,False,True
True,True,False,True,True,True,False,False,False,False,True
True,True,True,True,True,True,False,True,False,False,True
False,True,True,True,False,False,False,False,False,False,True
True,True,True,True,True,True,False,False,False,True,True
True,True,False,True,False,False,True,False,False,True,True
False,False,True,True,True,True,False,False,False,False,True
True,False,True,True,True,True,False,False,False,False,True
False,False,True,True,True,True,False,False,False,False,True
True,False,True,True,True,True,False,False,False,False,True
True,False,True,True,True,False,False,True,False,False,True
True,False,True,True,True,True,False,False,False,False,True
False,False,True,True,False,False,False,False,False,False,True
False,False,True,True,False,False,False,False,False,False,True
False,False,True,True,True,False,False,False,False,False,True
False,False,True,True,False,False,False,False,False,False,True
False,False,True,True,True,True,False,False,False,False,True
False,False,False,True,True,True,False,False,False,False,True
True,True,False,True,True,True,False,False,False,False,True
True,True,True,True,True,True,False,True,False,False,True
True,True,True,True,True,True,False,True,False,False,True
True,True,True,True,True,True,False,True,False,False,True
True,True,True,True,True,True,False,False,False,False,True
True,True,True,True,True,True,True,True,False,False,True
True,True,True,True,True,True,True,True,True,False,True
True,True,True,True,True,True,True,True,False,False,True
True,True,True,True,True,True,True,True,False,False,True
True,True,True,True,True,True,True,True,False,False,True
True,True,True,True,True,True,False,True,False,True,True
True,True,True,True,True,True,False,True,False,True,True
False,False,False,True,False,False,False,False,False,False,True
True,True,True,True,True,True,False,True,True,True,True
True,True,True,True,True,True,False,True,True,True,True
True,True,True,True,True,True,False,False,False,True,True
True,True,True,True,True,True,True,True,False,True,True
True,False,True,True,True,True,False,True,False,True,True
True,True,True,True,True,True,True,True,False,True,True
True,True,True,True,True,True,False,True,False,True,True
True,True,True,True,True,True,True,True,False,False,True
True,True,True,True,True,True,True,True,False,False,True
True,True,True,True,True,True,True,True,False,False,True
True,True,False,True,True,True,True,True,False,False,True
True,False,True,True,False,True,False,False,False,False,True
True,True,False,False,False,True,True,True,False,False,True
True,True,True,True,True,True,True,True,False,False,True
True,True,True,True,True,True,True,False,False,False,True
True,True,True,True,True,True,False,True,False,False,True
True,True,True,True,True,True,True,False,False,False,True
True,True,True,True,True,True,True,True,False,False,True
True,True,True,True,True,True,True,True,False,False,True
True,True,True,True,True,True,True,True,False,False,True
True,True,True,True,False,False,True,False,False,False,True
True,False,False,True,False,False,False,True,False,False,True
False,False,False,False,False,False,False,False,False,False,True
False,True,True,True,True,True,False,False,True,False,True
False,False,True,True,False,False,False,False,False,False,True
True,False,True,True,True,True,False,False,False,False,True
True,False,False,False,False,False,False,False,False,False,True
True,True,False,False,True,True,False,False,False,False,True
True,True,True,True,True,True,True,True,True,True,True
True,True,True,True,True,True,True,True,False,True,True
True,True,True,True,True,True,True,True,True,True,True
True,True,True,True,True,True,True,False,False,False,True
True,True,True,True,True,True,False,True,False,False,True
True,True,True,True,False,False,True,True,False,False,True
True,True,True,True,True,True,False,False,True,False,True
True,True,True,True,True,True,False,False,False,False,True
True,True,True,True,True,True,False,False,True,False,True
True,True,False,True,True,True,True,True,False,False,True
True,True,True,True,True,True,True,True,False,False,True
True,False,True,True,True,True,True,True,False,False,True
True,True,True,True,True,True,True,True,False,False,True
True,True,False,False,False,False,False,True,False,False,True
True,True,True,True,True,True,True,False,False,False,True
True,True,True,True,True,True,False,False,False,True,True
True,True,True,True,True,True,False,False,False,True,True
True,True,True,True,True,True,False,False,False,True,True
True,True,True,True,True,True,False,False,False,True,True
True,True,True,True,True,True,True,True,False,True,True
True,True,True,True,True,True,True,True,False,True,True
True,True,True,False,False,False,True,True,False,False,True
True,True,False,False,False,False,False,False,False,False,True
True,True,True,True,True,True,True,True,False,True,True
True,True,True,True,True,True,True,False,False,True,True
True,True,True,True,True,True,True,True,False,False,True
True,True,True,True,True,False,True,True,True,False,True
True,True,True,True,True,True,True,False,True,False,True
True,True,True,True,True,True,False,False,False,False,True
True,True,True,True,True,True,True,True,False,True,True
True,True,True,True,True,True,True,True,False,False,True
True,True,True,True,True,True,True,True,False,False,True
True,True,True,True,True,True,True,True,False,False,True
True,True,True,True,True,True,True,True,False,False,True
True,True,True,True,True,True,True,True,False,False,True
True,True,True,True,True,True,False,False,False,False,True
True,True,True,True,False,False,False,False,False,False,True
True,True,True,True,True,True,True,False,True,True,True
True,False,True,True,True,True,False,False,False,False,True
True,False,True,True,True,True,True,False,False,True,True
False,False,False,False,True,True,False,False,True,False,True
True,False,False,False,False,False,False,False,False,False,True
True,False,False,False,False,False,False,True,False,False,True
True,False,False,False,True,True,False,True,False,False,True
True,True,True,True,True,True,True,True,False,True,True
False,False,True,True,False,False,False,False,False,False,True
True,False,True,True,False,False,False,False,False,False,True
False,False,False,True,False,False,False,False,False,True,True
True,True,True,True,True,True,True,True,False,True,True
False,False,False,True,False,False,True,False,False,False,True
True,False,False,True,False,False,True,False,False,False,True
True,True,True,True,True,True,True,False,True,True,True
False,False,True,True,False,False,True,False,False,False,True
True,True,True,True,True,True,True,False,False,True,True
True,True,True,True,True,True,False,False,False,True,True
True,True,True,True,True,True,True,True,True,True,True
True,True,True,True,True,True,False,False,False,True,True
True,True,True,True,True,True,False,False,False,True,True
True,True,True,True,True,True,True,True,False,False,True
True,True,True,True,True,True,False,False,False,False,True
True,True,True,True,True,True,False,False,False,False,True
True,True,False,True,True,True,True,False,True,False,True
True,True,True,True,True,True,True,False,False,False,True
True,True,True,True,True,True,True,False,False,False,True
False,False,True,False,False,False,False,True,False,False,True
True,True,True,True,True,True,False,False,False,False,True
True,True,True,False,False,False,False,True,False,False,False
True,True,False,False,False,False,False,False,False,False,True
True,True,False,False,False,False,False,False,False,False,True
True,True,False,False,False,False,False,True,False,False,True
False,False,False,False,True,True,False,False,False,False,True
False,True,False,False,False,False,False,False,False,False,True
False,False,False,False,False,False,False,False,False,False,True
False,False,False,False,False,False,False,False,False,False,True
True,False,False,True,True,True,False,True,False,False,True
True,False,True,True,True,True,True,False,False,False,True
True,True,False,True,True,True,False,True,False,False,True
True,False,True,False,True,True,False,False,False,False,True
True,True,True,False,False,True,True,False,False,False,True
True,True,False,True,True,True,False,False,False,False,True
True,False,True,True,False,False,True,False,False,False,True
True,True,True,True,True,True,False,False,False,False,True
True,True,True,True,True,True,True,True,False,False,True
True,False,True,True,False,True,False,False,True,False,True
True,True,True,True,True,True,True,True,True,False,True
True,True,True,True,True,True,False,False,False,False,True
True,True,True,True,True,True,False,False,False,False,True
True,True,True,True,True,True,True,False,False,False,True
True,False,True,True,True,True,False,False,False,False,True
True,True,True,True,True,True,False,False,False,False,True
True,True,True,False,False,True,False,False,False,False,True
True,True,True,True,True,True,True,True,False,False,True
True,True,True,True,True,True,True,True,True,False,True
True,True,False,True,True,True,True,True,False,False,True
True,True,True,True,True,True,False,False,False,False,True
True,False,False,True,True,True,False,True,False,False,True
True,True,False,True,True,True,False,False,False,False,True
True,True,False,True,True,True,False,True,False,False,True
True,True,True,False,False,True,True,False,False,False,True
True,True,True,False,False,False,True,False,False,False,True
True,True,True,True,True,True,True,False,False,False,True
True,True,True,True,True,True,True,False,False,False,True
True,True,True,False,True,True,True,False,True,False,True
True,True,False,False,False,False,True,True,False,False,True
True,True,True,True,True,True,True,True,False,False,True
False,True,False,True,True,True,False,False,False,False,True
True,True,True,True,True,True,False,False,False,False,True
True,False,False,True,True,True,False,False,False,False,True
True,False,False,False,False,False,False,True,False,False,True
True,True,True,True,True,True,True,True,False,False,True
True,True,True,True,True,True,True,True,False,False,True
True,True,True,True,True,True,True,True,True,False,True
False,False,True,True,True,True,False,False,True,False,True
False,True,True,True,True,True,True,True,False,False,True
True,True,True,True,True,True,True,False,False,False,True
False,True,True,True,True,True,True,False,False,False,True
False,False,True,True,True,True,False,False,False,False,True
False,False,True,False,True,True,False,False,False,False,True
True,True,True,True,True,True,False,False,False,False,True
True,True,True,True,True,True,False,True,True,False,True
False,False,True,False,True,True,True,True,False,False,True
True,True,True,True,True,True,True,True,False,False,True
True,True,True,True,True,True,False,False,False,False,True
True,True,False,False,False,False,False,False,False,False,True
True,True,False,False,False,False,False,False,False,False,True
True,True,True,True,True,True,True,True,False,False,True
True,False,False,False,False,False,True,True,False,False,True
True,True,True,True,True,True,True,True,False,False,True
True,False,True,True,False,False,True,False,False,True,True
True,True,True,True,True,True,True,False,False,False,True
False,False,True,True,True,True,False,False,True,False,True
True,True,True,True,True,True,True,True,True,False,True
True,True,True,True,True,True,True,True,False,False,True
True,True,True,True,True,True,False,False,False,False,True
True,True,True,True,True,True,False,False,False,False,True
False,False,True,True,True,True,False,False,False,False,True
True,True,True,True,True,True,True,True,False,False,True
True,True,True,True,True,True,False,False,False,False,True
True,True,True,True,True,True,False,False,False,False,True
True,True,True,True,True,True,True,False,False,True,True
True,True,True,True,True,True,True,False,False,False,True
True,True,True,True,True,True,False,True,False,False,True
True,True,True,True,True,True,False,False,False,False,True
True,True,True,True,True,True,False,False,False,False,True
True,False,True,True,True,True,False,False,False,False,True
True,True,True,True,True,True,False,True,False,False,True
True,True,True,True,True,True,True,True,False,False,True
False,False,True,True,True,True,False,False,False,False,True
False,False,False,True,False,False,False,False,False,True,True
True,False,True,True,True,True,False,False,False,False,True
True,False,True,True,True,True,False,False,False,False,True
False,False,True,True,True,True,False,False,False,False,True
False,False,True,True,True,True,False,False,False,False,True
True,True,True,False,True,True,False,False,False,False,True
True,True,False,False,False,False,False,True,False,False,True
True,True,True,True,True,True,False,False,False,False,True
True,True,True,True,True,True,False,False,False,False,True
True,True,True,True,True,True,False,False,False,False,True
False,False,True,True,True,True,True,False,True,False,True
False,False,True,True,False,False,False,False,False,False,True
True,True,True,True,True,True,False,False,False,False,True
True,True,True,True,True,True,False,False,False,False,True
True,True,True,True,False,False,True,True,False,False,True
False,False,False,True,False,False,False,False,False,True,True
True,True,True,True,True,True,False,False,True,False,True
False,False,False,True,True,True,True,False,False,False,True
False,False,False,True,False,False,True,False,False,False,True
True,True,False,True,True,True,False,False,False,True,True
True,True,True,True,True,True,False,False,False,False,True
True,True,True,True,True,True,False,False,False,False,True
True,True,True,True,True,True,False,False,False,False,True
True,False,True,True,True,True,False,True,False,False,True
False,False,True,True,True,True,False,False,False,False,True
True,True,True,True,True,True,False,False,False,False,True
True,True,True,True,True,True,False,False,False,False,True
True,True,True,True,True,True,False,False,False,False,True
False,False,True,False,False,False,False,False,False,False,True
False,False,True,True,True,True,False,False,False,False,True
True,False,True,True,True,True,False,False,False,False,True
True,False,True,True,False,True,False,False,False,False,True
True,False,True,True,False,True,False,False,False,False,True
False,True,True,True,True,True,False,False,True,False,True
False,True,True,True,True,True,False,False,True,True,True
True,True,True,True,True,True,False,False,True,False,True
True,True,True,True,True,True,False,False,True,False,True
True,True,True,True,True,True,False,False,False,True,True
True,True,True,True,True,True,True,True,False,False,True
True,True,True,True,True,True,True,False,False,False,True
True,True,True,True,True,True,False,False,False,False,True
True,True,True,True,True,True,True,False,False,False,True
True,True,True,True,True,True,False,False,False,False,True
True,True,True,True,True,True,False,False,False,False,True
False,False,True,False,False,False,True,False,False,False,True
True,False,True,True,True,True,True,True,False,False,True
False,True,False,True,True,True,False,True,False,False,True
False,False,False,False,False,True,False,False,False,False,True
False,True,True,True,True,True,True,True,False,True,True
True,True,True,True,True,True,True,True,False,False,True
False,False,True,True,False,True,True,True,False,False,True
True,True,True,True,True,True,True,True,False,False,True
True,True,True,True,True,True,True,False,False,True,True
False,False,True,True,True,True,True,False,False,False,True
True,True,True,True,True,True,False,False,False,False,True
True,True,True,True,True,True,False,True,False,False,True
True,True,True,True,True,True,False,True,False,False,True
True,True,True,True,True,True,False,True,False,False,True
True,True,True,True,True,True,False,False,False,False,True
True,False,True,True,True,True,False,False,False,True,True
True,True,True,True,True,True,False,False,False,False,True
True,False,True,True,True,True,False,False,False,False,True
True,False,False,True,True,True,False,False,False,False,True
False,False,True,True,True,True,False,False,False,False,True
True,True,True,True,True,True,False,False,False,False,True
True,True,True,True,True,True,False,False,False,True,True
True,True,True,True,True,True,True,False,False,True,True
True,True,True,True,True,True,True,True,True,True,True
True,True,False,True,True,True,False,True,False,False,True
True,True,True,True,True,True,True,False,False,True,True
True,True,True,True,True,True,True,True,True,False,True
True,True,True,True,True,True,True,False,True,False,True
True,True,True,True,False,False,True,False,False,False,True
True,True,True,True,True,True,False,False,False,False,True
True,True,True,True,True,True,False,False,False,False,True
True,True,False,True,False,True,True,True,False,False,True
True,True,True,True,True,True,False,True,False,False,True
True,True,True,True,True,True,True,False,False,False,True
True,True,True,False,False,False,True,True,False,False,False
True,True,True,True,True,True,True,False,False,False,True
True,True,True,True,True,True,True,True,True,True,True
True,True,True,True,True,True,True,True,False,False,True
False,True,False,True,True,True,True,False,False,False,True
False,False,False,True,False,True,False,False,False,False,True
True,True,True,True,True,True,True,True,True,False,True
True,True,True,False,False,False,True,True,False,False,True
True,True,True,True,True,True,True,True,True,False,True
True,True,True,True,True,True,True,True,False,False,True
False,True,False,False,False,True,False,True,False,False,True
True,True,True,True,True,True,True,True,False,False,True
True,True,True,True,True,True,True,False,False,False,True
True,True,True,True,True,True,True,True,False,True,True
False,True,True,True,True,True,False,False,True,False,True
False,False,False,False,False,False,False,True,False,False,True
True,True,True,True,True,True,False,True,True,False,True
True,False,True,True,False,False,True,True,False,False,True
True,True,True,True,True,True,False,True,True,False,True
True,True,False,False,True,True,True,True,False,False,True
True,True,True,True,True,True,True,True,False,False,True
True,True,True,True,True,True,True,True,True,True,True
True,True,True,True,True,True,True,True,True,False,True
True,True,True,True,True,True,True,True,True,False,True
True,False,True,True,True,True,True,True,False,False,True
False,False,True,True,True,True,True,True,False,False,True
True,True,True,True,True,True,True,True,True,False,True
True,True,True,True,True,True,True,True,False,True,True
True,True,True,True,True,True,False,False,False,True,True
True,True,True,True,True,True,False,False,False,True,True
True,True,True,True,True,True,False,False,False,True,True
True,True,True,True,True,True,False,False,False,True,True
True,True,True,True,True,True,False,False,False,True,True
True,True,True,True,True,True,False,False,False,False,True
True,True,True,True,True,True,False,False,False,False,True
True,True,True,True,True,True,False,False,False,True,True
True,False,True,True,True,True,True,True,False,False,True
True,False,True,True,True,True,True,True,False,False,True
True,True,True,True,True,True,True,False,False,False,True
True,True,True,True,True,True,False,False,False,False,True
False,True,True,True,True,True,False,True,False,False,True
False,True,True,True,True,True,True,True,False,False,True
True,True,True,True,True,True,True,True,False,True,True
True,True,True,True,True,True,True,False,False,True,True
False,False,True,True,True,False,False,False,False,False,True
True,True,True,True,False,False,False,True,False,False,True
True,True,False,False,False,False,False,False,False,False,True
True,True,True,False,True,True,True,True,False,False,True
False,False,True,False,False,False,False,True,False,False,True
True,True,True,True,True,True,True,True,False,False,True
True,True,True,True,True,True,True,True,True,False,True
False,False,True,True,True,False,True,True,False,False,True
True,True,True,True,False,True,True,True,True,True,True
True,True,True,True,True,True,True,False,False,False,True
True,True,True,True,False,False,False,False,False,False,True
True,True,True,True,True,True,False,False,False,True,True
True,True,True,True,True,True,True,True,False,True,True
False,True,True,False,False,False,True,True,False,False,True
True,True,True,True,True,True,False,False,False,False,True
False,True,True,True,True,True,False,False,False,True,True
False,False,True,True,False,False,False,False,False,True,True
True,False,True,True,True,True,True,False,False,True,True
True,False,True,True,True,True,True,False,False,False,True
True,True,True,True,True,True,True,True,False,True,True
True,True,False,False,False,True,True,False,False,False,True
True,False,True,True,True,True,True,False,False,False,True
True,False,True,True,True,True,True,False,False,False,True
True,False,True,True,True,True,True,False,False,False,True
True,True,True,True,True,True,True,True,False,False,True
True,True,True,True,True,True,False,False,False,False,True
True,False,True,True,True,True,False,False,False,False,True
True,False,True,True,True,True,False,False,False,False,True
True,True,True,True,False,True,True,False,False,False,True
True,True,True,True,True,True,False,False,False,False,True
True,True,True,True,True,True,False,False,False,False,True
True,False,True,True,True,True,False,False,False,False,True
False,False,True,True,True,True,False,False,False,False,True
False,True,True,True,True,True,False,False,False,False,True
True,True,True,True,True,True,False,True,False,False,True
True,True,True,True,True,True,False,False,False,False,True
True,True,True,True,True,True,False,False,False,False,True
True,True,True,True,True,True,True,True,True,False,True
True,True,True,True,True,True,True,True,True,False,True
True,True,True,True,True,True,False,False,True,False,True
True,True,True,True,True,True,True,True,True,True,True
True,True,True,True,True,True,True,True,False,False,True
True,True,True,True,True,True,True,True,True,True,True
True,True,True,True,True,True,False,True,True,True,True
False,True,True,True,True,True,False,True,True,True,True
True,True,True,True,True,True,True,True,True,True,True
False,False,True,True,False,True,False,False,True,True,True
True,True,True,True,True,True,False,False,False,True,True
True,True,True,True,True,True,True,True,True,True,True
True,True,True,True,True,True,False,False,False,False,True
True,True,True,True,True,True,False,True,False,False,True
True,True,True,True,True,True,False,True,True,True,True
True,False,True,True,True,True,False,True,True,False,True
False,False,False,True,False,False,False,False,False,False,True
True,True,True,True,True,True,False,True,True,False,True
True,False,True,True,True,False,False,False,False,False,True
True,True,True,True,True,True,False,False,False,False,True
True,True,True,True,True,True,True,True,False,False,True
True,True,True,True,True,True,True,True,False,False,True
False,True,True,True,True,True,False,False,False,False,True
True,True,True,True,True,True,True,False,False,False,True
False,True,True,True,True,True,True,False,False,False,True
True,True,True,True,True,True,True,True,False,False,True
True,True,True,True,False,True,True,True,False,False,True
True,True,False,False,False,False,False,True,False,False,True
True,True,False,False,False,False,False,False,False,False,True
True,True,False,False,False,False,False,False,True,False,True
True,True,True,True,True,True,False,True,False,False,True
True,True,False,False,False,False,True,True,False,False,True
False,True,False,True,True,True,True,True,False,False,True
False,False,False,False,False,False,True,True,False,False,True
True,True,True,True,True,True,True,True,False,False,True
True,True,True,True,True,True,True,True,False,False,True
True,True,True,False,False,False,True,True,False,False,False
True,True,True,True,True,True,True,True,False,False,True
True,True,False,False,False,False,False,False,False,False,True
False,False,False,False,False,False,False,False,False,False,False
False,False,False,False,False,False,False,False,False,False,False
False,False,False,False,False,False,False,False,False,False,True
True,True,True,True,True,True,False,False,False,False,True
True,False,True,False,True,True,False,True,False,False,True
True,False,True,False,False,True,False,True,False,False,True
True,True,True,True,True,True,True,True,True,True,True
True,True,True,True,True,True,False,False,True,True,True
True,True,True,True,True,True,False,False,False,True,True
True,True,True,True,True,True,False,False,False,True,True
True,True,True,True,True,True,False,False,False,True,True
True,True,True,True,True,True,True,True,False,True,True
True,True,True,True,True,True,False,False,False,False,True
True,True,True,True,True,True,True,True,True,True,True
True,True,True,True,True,True,True,True,True,True,True
False,False,True,True,True,True,False,False,True,True,True
False,False,True,False,True,True,False,False,False,False,True
True,True,True,True,True,True,True,True,False,False,True
True,True,True,True,True,True,True,True,False,False,True
True,True,True,True,True,True,False,True,False,False,True
True,True,True,True,True,True,True,False,False,True,True
False,True,True,True,True,True,False,False,False,False,True
True,True,True,True,True,True,False,False,False,False,True
True,False,True,True,True,True,False,False,False,False,True
True,True,True,True,True,True,True,True,False,False,True
True,False,True,True,True,True,False,False,False,True,True
True,False,True,True,True,True,False,False,False,True,True
True,False,False,True,True,True,False,False,False,False,True
True,False,True,True,True,True,True,False,False,False,True
True,False,True,True,True,False,False,False,False,False,True
False,False,True,False,False,False,False,False,False,False,True
True,True,True,False,False,False,False,False,False,False,True
True,False,True,True,True,True,False,False,False,False,True
True,True,True,True,True,True,False,True,True,True,True
True,True,True,True,True,True,True,True,True,True,True
True,True,True,True,True,True,True,True,True,False,True
True,True,True,True,True,True,False,True,True,False,True
True,True,True,False,False,True,False,False,False,False,True
True,True,False,False,False,True,False,True,False,False,True
False,True,False,False,False,False,False,True,False,False,True
True,True,True,True,True,True,True,False,False,False,True
True,True,True,True,True,True,True,True,False,False,True
True,True,True,False,True,True,False,False,False,False,True
False,True,True,True,True,True,True,True,False,True,True
True,True,True,True,True,True,True,True,True,True,True
True,True,True,False,True,True,True,True,False,False,True
False,False,False,False,False,False,False,False,False,False,True
True,True,True,True,True,True,True,True,False,False,True
False,True,True,True,False,False,False,True,False,False,True
True,True,True,True,True,True,True,True,False,False,True
False,True,False,False,False,False,False,False,False,False,True
True,True,True,True,True,True,True,True,False,False,True
True,True,False,False,True,True,True,True,False,False,True
False,False,False,False,False,False,False,True,False,False,True
True,True,True,True,True,True,True,True,False,False,True
True,True,True,True,True,True,True,False,False,False,True
True,True,False,False,False,True,False,False,False,False,True
True,True,True,True,True,True,True,True,False,True,True
True,True,True,True,True,True,False,False,False,True,True
False,True,True,True,False,False,False,False,False,False,True
True,True,True,True,True,True,True,True,False,True,True
True,False,True,True,True,True,False,False,False,True,True
True,True,True,True,True,True,True,True,False,True,True
True,False,True,True,True,True,True,False,False,True,True
True,True,True,True,True,True,True,True,False,False,True
True,False,True,True,True,True,True,True,False,False,True
True,False,True,True,True,True,True,True,False,False,True
True,False,True,True,True,True,True,True,False,False,True
True,False,False,False,False,False,True,True,False,False,True
True,False,False,False,False,True,True,True,False,False,True
True,True,True,True,True,True,True,False,False,False,True
True,True,True,True,True,True,True,False,False,False,True
True,True,True,False,False,False,True,True,False,False,True
True,True,True,False,False,False,True,True,False,False,True
True,True,True,True,True,True,True,True,True,False,True
True,True,True,True,True,True,True,True,False,False,True
True,True,True,True,True,True,True,True,False,False,True
False,False,False,False,True,True,False,True,False,True,True
False,False,False,True,False,False,False,True,False,False,True
False,False,True,True,True,True,False,True,False,False,True
True,True,True,True,True,True,True,True,False,False,True
True,True,True,True,True,True,True,True,False,False,True
True,True,True,True,True,True,False,False,False,False,True
True,True,True,True,True,True,False,False,False,False,True
True,True,True,True,True,True,False,True,False,True,True
False,False,True,True,True,True,False,True,False,True,True
True,True,True,True,True,True,True,False,False,True,True
True,True,True,True,True,True,False,False,False,False,True
True,True,True,False,True,True,False,False,False,False,True
True,True,True,True,True,True,False,False,False,False,True
False,False,True,True,False,False,True,True,False,False,True
True,True,True,True,True,True,True,True,False,False,True
True,True,True,True,True,True,True,True,False,False,True
True,True,True,False,True,True,True,False,True,False,True
True,True,False,True,True,True,True,True,False,False,True
True,True,True,True,False,True,True,True,False,False,True
True,True,False,False,False,True,True,True,False,False,True
True,True,True,True,True,True,True,True,False,False,True
True,True,True,True,True,True,False,False,False,False,True
True,True,True,True,True,True,False,False,False,False,True
True,True,True,True,True,True,False,False,True,True,True
True,True,True,True,True,True,False,False,False,False,True
True,True,True,True,True,True,False,False,True,False,True
True,False,True,True,True,True,False,False,False,True,True
True,True,True,True,True,True,False,False,False,False,True
True,True,True,True,True,True,False,False,False,False,True
True,True,True,False,True,True,True,False,False,False,True
True,True,False,False,False,False,False,False,False,False,True
True,True,True,False,False,True,True,True,False,False,True
True,True,True,True,True,True,True,True,False,False,True
True,True,True,True,True,True,False,False,False,False,True
True,True,True,True,True,True,False,False,False,False,True
True,True,True,True,True,True,True,True,False,False,True
True,True,True,True,True,True,True,False,False,False,True
True,False,False,False,False,False,False,True,False,False,True
True,True,False,True,True,True,False,False,False,False,True
True,False,False,False,False,False,True,True,False,False,True
True,True,True,True,True,True,True,True,True,True,True
True,True,True,True,True,True,False,False,False,True,True
True,True,True,True,True,True,False,False,False,True,True
True,True,True,True,True,True,True,True,True,True,True
True,True,True,True,True,True,False,False,True,True,True
True,True,True,True,True,True,True,True,False,False,True
True,True,True,True,True,True,False,True,True,False,True
True,True,True,True,True,True,False,False,False,False,True
True,True,True,True,True,True,True,True,False,False,True
True,True,True,True,True,True,False,False,False,False,True
False,False,True,True,True,True,False,False,False,False,True
False,False,True,True,True,True,False,False,False,False,True
True,False,False,False,False,False,False,False,False,False,True
False,False,True,True,False,False,True,False,False,True,True
False,False,True,True,False,False,True,False,False,True,True
True,False,False,True,True,True,False,False,False,False,True
False,False,True,True,False,False,True,False,False,True,True
False,False,True,True,False,False,True,False,False,True,True
False,False,True,True,False,False,True,False,False,True,True
True,True,True,True,True,True,True,True,True,True,True
True,True,True,True,True,True,False,False,False,False,True
True,True,True,True,True,True,False,True,False,False,True
True,True,True,True,True,True,True,True,True,True,True
True,True,True,True,True,True,True,True,True,True,True
True,True,True,True,True,True,True,True,True,True,True
True,False,True,True,True,True,True,True,False,False,True
True,True,True,True,True,True,True,False,False,False,True
True,True,False,True,True,True,False,True,False,False,True
True,True,False,True,False,False,False,False,False,False,True
True,True,True,True,True,True,True,True,False,False,True
True,True,True,False,False,False,True,True,False,False,True
True,True,True,True,False,True,False,True,False,False,True
True,True,True,True,True,True,False,False,False,True,True
True,True,True,True,True,True,False,False,False,True,True
True,True,True,True,True,True,True,True,False,False,True
True,False,True,True,True,True,False,False,False,True,True
False,False,True,True,True,True,False,False,False,True,True
False,False,True,True,True,True,False,False,False,False,True
False,False,True,True,True,True,False,False,False,False,True
False,False,True,True,True,True,False,False,False,False,True
True,False,False,False,True,True,True,True,False,False,True
True,True,True,True,True,True,True,True,False,False,True
False,False,True,False,True,True,True,True,False,True,True
True,True,False,False,False,False,False,False,False,False,True
True,True,True,True,True,True,True,True,False,False,True
True,True,True,True,True,True,True,True,False,False,True
True,True,True,True,True,True,False,False,False,False,True
True,True,True,True,True,True,False,False,True,False,True
True,True,False,True,False,True,False,False,False,False,True
True,True,True,True,True,True,False,True,True,False,True
True,False,True,True,True,True,False,False,False,False,True
True,True,True,True,True,True,False,False,False,False,True
True,True,False,True,True,True,False,False,False,False,True
True,True,False,True,True,True,False,False,False,False,True
True,True,True,True,True,True,True,False,False,False,True
True,True,True,True,True,True,True,False,False,False,True
True,False,True,True,True,True,True,True,False,False,True
True,False,False,False,False,True,False,False,False,False,True
True,True,True,True,True,True,False,False,False,False,True
False,False,True,True,True,True,False,False,False,False,True
False,False,True,True,True,True,False,False,False,False,True
True,False,True,True,True,True,False,False,True,True,True
True,True,True,True,True,True,True,True,False,False,True
False,True,True,True,True,True,False,False,True,False,True
True,False,True,True,True,True,False,False,False,False,True
True,True,True,True,False,False,False,False,False,False,True
True,True,True,True,True,True,False,False,False,False,True
True,True,True,True,True,True,False,False,False,False,True
True,False,True,True,True,True,False,False,True,False,True
True,True,False,True,True,True,False,False,False,True,True
True,True,True,True,True,True,False,True,True,False,True
True,True,True,True,True,True,False,True,False,False,True
False,True,True,True,True,True,False,False,False,False,True
True,True,True,True,True,True,True,True,True,True,True
True,True,True,True,True,True,True,True,False,False,True
True,True,True,True,True,True,False,False,False,False,True
True,True,True,True,True,True,False,False,False,False,True
False,False,True,True,True,True,False,False,False,False,True
True,False,False,True,True,True,False,False,False,False,True
False,False,False,True,True,True,False,False,False,False,True
True,True,True,True,True,True,True,True,False,False,True
True,True,True,True,False,True,False,True,True,False,True
True,True,True,True,True,True,False,False,True,True,True
False,True,True,True,True,True,False,False,True,True,True
False,True,True,True,True,True,False,True,False,True,True
True,True,True,True,True,True,False,False,False,True,True
True,True,True,True,True,True,False,False,False,True,True
True,True,True,True,True,True,True,False,True,True,True
True,True,False,True,True,True,False,True,True,False,True
False,False,True,False,False,False,True,False,False,False,True
False,False,True,False,False,False,True,False,False,False,True
False,False,True,False,False,False,True,False,False,False,True
True,True,True,True,True,True,True,True,True,False,True
True,True,True,True,True,True,True,True,True,False,True
True,True,True,True,True,True,True,True,False,False,True
False,True,True,True,True,True,False,False,False,False,True
False,False,True,True,False,False,True,False,False,False,True
False,False,True,True,False,False,True,False,False,False,True
False,False,True,True,True,True,False,False,True,False,True
True,True,True,True,True,True,False,False,False,False,True
True,True,True,True,True,True,True,True,False,False,True
True,True,True,True,True,True,True,False,False,False,True
True,False,False,True,True,True,True,True,True,False,True
True,False,True,False,True,True,True,False,False,False,True
True,True,True,True,True,True,True,True,True,False,True
False,False,True,False,False,False,True,False,False,False,True
True,True,True,True,True,True,True,True,True,False,True
False,False,True,False,False,False,True,False,False,False,True
True,True,True,True,True,True,False,False,False,False,True
True,True,True,True,True,True,True,True,False,False,True
True,True,True,True,True,True,False,True,False,False,True
True,True,True,True,True,True,True,True,False,False,True
False,False,False,False,False,False,False,False,False,False,True
True,True,True,True,True,True,False,False,True,False,True
False,False,False,True,True,True,False,False,False,False,True
True,True,True,True,True,True,False,True,True,False,True
True,True,True,True,True,True,False,False,False,False,True
False,True,True,True,True,True,False,False,True,False,True
True,False,True,True,True,True,True,False,False,False,True
True,False,True,True,True,False,True,False,False,False,True
True,True,True,True,True,True,True,False,False,False,True
False,False,True,True,False,False,False,False,False,False,True
True,True,True,True,True,True,True,True,True,False,True
True,True,True,True,True,True,True,True,False,False,True
True,True,True,True,True,True,False,False,False,False,True
True,True,True,True,True,True,True,False,False,False,True
True,True,True,True,True,True,True,False,False,False,True
True,True,True,True,True,True,False,True,True,True,True
True,True,True,True,True,True,False,False,False,False,True
True,True,True,False,False,False,False,False,False,False,True
True,True,True,True,True,True,False,False,False,False,True
True,True,True,True,True,True,False,False,False,False,True
True,True,True,True,True,True,False,True,True,True,True
False,False,False,False,True,True,False,False,True,False,True
True,False,True,True,True,True,False,False,False,False,True
True,True,True,True,True,True,False,False,True,False,True
True,False,True,True,False,False,False,True,False,False,True
True,True,True,True,True,True,False,False,False,False,True
True,True,True,True,True,True,False,False,False,False,True
True,True,True,True,True,True,False,False,True,False,True
False,False,True,True,True,True,False,False,False,False,True
True,True,True,True,True,True,False,False,False,False,True
True,True,True,True,True,True,False,True,False,False,True
True,True,True,True,True,True,False,False,False,False,True
True,True,True,True,True,True,False,False,False,False,True
True,True,True,True,True,True,False,True,False,False,True
True,True,True,True,True,True,True,True,True,True,True
True,True,True,True,True,True,False,False,True,True,True
True,True,True,True,True,True,True,True,False,False,True
True,True,True,True,True,True,False,False,False,False,True
True,True,True,True,True,True,True,True,False,False,True
True,True,True,True,True,True,True,True,False,False,True
True,True,True,True,True,True,True,True,False,False,True
True,True,True,True,True,True,True,True,False,False,True
True,True,True,True,True,True,True,True,True,False,True
True,True,True,True,True,True,False,False,False,False,True
True,True,True,False,False,True,False,False,False,False,True
False,False,False,True,True,False,False,False,False,False,True
True,True,True,True,True,True,True,True,False,False,True
False,False,True,False,True,True,True,False,False,False,True
False,False,False,True,False,False,False,False,False,True,True
True,True,True,True,True,True,True,True,True,False,True
True,False,True,True,True,True,True,False,False,False,True
False,True,True,True,False,False,False,False,True,False,True
True,True,True,True,True,True,True,True,True,False,True
True,True,True,True,True,True,False,False,True,False,True
True,True,True,True,True,True,False,True,True,False,True
True,True,True,True,True,True,False,False,True,False,True
True,True,True,True,True,True,False,True,True,False,True
True,True,True,True,True,True,False,False,False,False,True
False,False,False,False,False,False,False,False,False,False,True
True,True,True,True,True,True,False,False,False,True,True
True,True,True,True,True,True,False,False,False,True,True
True,True,True,True,True,True,False,True,False,True,True
True,True,True,True,True,True,False,False,True,False,True
True,True,True,True,True,True,False,False,False,True,True
True,True,True,False,False,False,False,False,False,False,True
True,True,True,True,True,True,False,False,True,False,True
True,True,True,True,True,True,False,False,False,False,True
True,True,True,True,True,True,False,False,False,False,True
True,True,True,True,True,True,False,False,False,False,True
True,True,True,True,True,True,False,False,False,False,True
True,True,True,True,False,False,False,False,False,False,True
False,True,True,True,True,True,False,False,False,True,True
True,True,True,True,True,True,False,True,False,True,True
True,True,True,True,True,True,True,True,False,True,True
True,True,True,True,True,True,False,True,False,True,True
True,True,True,True,False,False,False,True,False,False,True
True,True,True,True,True,True,True,True,False,False,True
True,True,True,True,True,True,False,False,False,False,True
True,True,True,True,True,True,True,True,False,False,True
True,True,True,True,True,True,True,False,False,False,True
True,True,True,True,True,True,False,False,False,False,True
False,False,True,True,True,True,True,True,False,False,True
True,False,True,False,False,False,True,False,False,False,True
True,False,True,True,True,True,False,False,False,False,True
True,False,True,True,True,True,False,False,False,False,True
True,False,True,True,True,True,False,False,False,False,True
True,False,True,True,True,True,False,False,False,False,True
True,False,True,True,False,False,True,True,False,True,True
True,False,False,True,False,False,False,False,False,False,True
True,True,True,True,True,True,False,False,False,True,True
True,True,True,True,True,True,False,False,False,True,True
False,False,True,True,False,False,False,False,False,False,True
False,False,False,True,False,False,False,True,False,False,True
True,True,True,True,True,True,True,True,False,True,True
False,False,True,True,True,True,False,True,False,True,True
True,False,True,True,True,True,False,False,False,False,True
True,False,True,True,False,False,False,False,False,True,True
False,False,True,True,True,False,False,True,False,False,True
False,False,True,True,True,True,True,False,False,False,True
False,False,True,True,True,True,True,True,True,False,True
False,False,True,False,True,False,True,False,True,False,True
True,False,False,True,False,False,True,False,False,False,True
True,True,True,True,True,True,False,False,False,False,True
True,True,True,True,True,True,False,False,False,False,True
True,True,True,True,True,True,False,True,False,False,True
True,True,True,True,True,True,False,False,False,False,True
True,True,True,True,True,True,False,True,False,False,True
True,True,True,True,True,True,True,True,False,False,True
True,True,True,True,True,True,True,True,True,True,True
True,True,True,True,True,True,True,True,True,False,True
True,True,True,True,True,True,False,False,False,False,True
True,True,True,True,True,True,False,True,True,False,True
True,False,True,True,True,True,False,False,True,True,True
False,False,True,True,True,True,False,False,False,True,True
True,True,True,True,True,True,False,False,False,False,True
True,True,True,False,False,True,True,False,False,False,True
True,True,True,True,True,True,True,True,False,False,True
True,True,False,False,False,True,False,True,False,False,True
True,False,True,False,True,True,True,False,False,False,True
True,True,True,True,True,True,False,True,False,False,True
True,False,True,False,False,False,True,False,False,False,True
True,True,True,True,True,True,True,False,False,False,True
True,True,True,True,True,True,True,False,False,False,True
True,True,True,True,True,True,True,True,True,False,True
False,True,True,True,True,True,False,False,False,False,True
True,True,True,True,True,True,True,True,True,True,True
True,True,True,True,True,True,True,True,False,True,True
True,True,True,True,True,True,True,True,False,False,True
True,True,True,True,True,True,True,True,False,False,True
False,False,True,True,False,False,False,True,False,True,True
True,True,True,True,True,True,True,True,False,True,True
True,True,True,True,True,True,True,True,True,True,True
True,True,True,False,False,False,True,True,False,False,True
True,True,True,True,True,True,True,True,False,False,True
True,True,True,True,True,True,True,True,True,False,True
True,True,False,True,True,True,False,False,False,False,True
True,True,False,True,True,True,False,False,False,False,True
False,True,False,False,False,False,False,False,False,False,True
False,False,False,False,False,False,False,False,False,False,True
False,True,True,False,True,True,False,True,False,False,True
True,True,True,True,True,True,True,True,True,True,True
False,True,True,False,True,True,True,False,False,False,True
True,True,True,False,True,False,True,True,False,False,True
False,True,True,False,False,False,True,False,False,False,True
True,True,True,True,True,True,True,False,False,False,True
False,False,True,True,False,False,True,True,False,False,True
True,True,True,True,True,True,True,True,False,False,True
True,True,True,True,True,True,False,False,False,False,True
True,True,True,True,True,True,True,True,False,False,True
True,True,True,True,True,False,True,True,False,False,True
True,True,True,True,True,True,True,True,True,False,True
True,True,True,True,True,True,True,True,True,False,True
True,True,True,True,True,True,True,True,True,True,True
True,True,True,True,True,True,False,True,True,False,True
True,True,True,True,True,True,True,True,False,False,True
True,True,True,True,True,True,False,False,False,False,True
True,True,True,True,True,True,False,False,False,False,True
True,True,True,True,True,True,True,True,True,True,True
True,True,True,True,True,True,True,True,True,True,True
True,True,True,True,True,True,True,True,False,True,True
True,True,True,True,True,True,True,True,True,False,True
True,True,True,True,True,True,True,True,True,False,True
True,True,True,True,True,True,False,False,False,False,True
True,True,True,True,True,True,False,False,False,False,True
True,True,True,True,False,False,False,False,False,False,True
True,True,True,True,True,True,False,False,False,False,True
True,True,True,True,True,True,True,True,False,False,True
True,True,True,True,True,True,True,True,True,True,True
True,True,True,True,True,True,True,True,False,True,True
True,True,True,True,True,True,True,True,False,True,True
True,True,True,True,True,True,True,True,False,True,True
True,True,True,True,True,True,False,True,False,False,True
True,True,True,True,True,True,False,False,False,False,True
True,True,True,True,True,True,False,False,False,False,True
True,True,True,True,True,True,False,False,False,True,True
True,True,True,True,True,True,True,False,True,False,True
True,True,False,True,True,True,False,True,True,False,True
True,True,True,True,True,True,False,False,False,False,True
True,True,True,True,True,True,True,True,True,False,True
False,True,True,True,True,True,False,False,False,False,True
False,False,False,True,True,True,False,False,False,False,True
False,False,True,True,True,True,False,False,False,False,True
True,True,True,True,True,True,False,False,False,False,True
True,False,True,True,True,True,False,True,False,False,True
True,True,True,True,True,True,True,True,False,False,True
True,False,True,True,True,True,False,True,False,False,True
False,False,True,True,True,True,False,True,True,False,True
True,False,True,True,False,False,False,False,False,False,True
False,False,True,True,True,True,False,False,False,False,True
False,False,True,True,True,True,False,False,False,False,True
False,False,True,True,True,True,False,False,False,False,True
True,False,False,True,False,True,False,False,False,False,True
True,True,True,True,True,True,False,False,False,False,True
True,True,True,True,True,True,True,True,False,False,True
False,True,True,True,True,True,True,False,False,False,True
False,False,True,True,True,True,False,False,False,False,True
True,True,False,False,False,True,False,False,False,False,True
False,False,False,False,False,False,False,False,False,False,True
True,True,True,True,True,True,False,True,False,True,True
True,True,True,True,True,True,False,True,False,False,True
True,True,True,True,True,True,True,True,False,False,True
True,True,True,True,True,True,True,True,False,False,True
True,True,True,True,True,True,True,True,False,False,True
True,True,True,True,True,True,True,False,True,False,True
False,False,False,False,True,True,True,False,False,False,True
True,True,True,True,True,True,True,False,False,False,True
True,True,True,True,True,True,True,True,True,True,True
True,True,True,True,True,True,True,True,True,True,True
True,True,True,False,False,False,True,True,False,False,True
False,False,True,False,True,True,False,False,True,False,True
True,True,True,True,True,True,True,True,False,False,True
True,True,True,True,True,True,True,True,False,False,True
True,True,True,True,True,True,True,True,True,True,True
True,True,True,True,True,True,True,True,True,True,True
True,True,True,True,True,True,True,True,True,True,True
True,True,True,True,True,True,True,False,True,True,True
True,True,True,True,True,True,False,False,True,True,True
True,True,True,True,True,True,False,False,True,True,True
True,True,True,True,True,True,False,True,True,False,True
False,True,False,True,True,True,True,False,False,False,True
True,True,True,True,True,True,False,False,False,True,True
True,True,True,True,True,True,True,True,False,False,True
True,True,True,True,True,True,True,True,False,False,True
True,True,True,True,True,True,True,False,True,True,True
True,True,True,True,True,True,False,True,False,False,True
True,True,True,True,True,True,True,True,True,True,True
True,True,True,True,True,True,True,True,False,False,True
True,True,True,True,True,True,True,True,False,False,True
True,True,True,True,True,True,False,True,True,False,True
True,True,True,True,True,True,True,True,False,False,True
True,True,True,False,False,True,True,True,False,False,True
True,True,True,True,False,True,True,True,True,False,True
True,True,False,True,True,True,True,True,False,False,True
True,True,True,True,True,True,True,True,False,False,True
True,True,True,True,True,True,False,False,False,False,True
True,True,True,True,True,True,False,True,False,False,True
True,True,True,True,True,True,False,False,False,False,True
True,True,False,True,False,False,False,False,False,False,True
True,True,True,True,True,True,True,True,True,True,True
True,True,True,True,True,True,True,True,True,True,True
True,True,True,True,True,True,True,True,False,True,True
True,True,True,True,True,True,True,True,True,True,True
True,True,True,True,True,True,True,True,True,False,True
True,True,True,True,True,True,False,False,False,False,True
True,True,True,True,True,True,False,False,False,False,True
True,True,True,True,True,True,False,False,True,False,True
True,True,True,True,False,True,True,True,False,False,True
False,False,True,True,True,True,True,False,False,False,True
False,False,True,True,False,False,False,False,False,False,True
True,False,True,True,True,False,False,False,False,False,True
False,False,True,True,True,True,False,False,False,False,True
False,False,True,True,True,False,False,False,False,False,True
False,False,True,True,False,False,False,False,False,False,True
True,True,True,True,True,True,True,False,False,False,True
True,True,True,False,True,True,False,False,False,False,True
True,False,True,True,True,True,True,True,True,False,True
True,False,True,True,True,True,False,True,True,False,True
True,False,True,True,True,True,False,True,True,False,True
False,True,True,True,True,True,False,False,False,True,True
True,True,True,True,True,True,False,False,False,True,True
True,True,True,True,True,True,False,False,False,True,True
True,True,True,True,True,True,False,False,False,True,True
True,True,True,True,True,True,True,True,True,True,True
True,True,True,True,True,True,False,False,False,True,True
True,True,True,True,True,True,False,False,False,False,True
True,True,True,True,True,True,False,False,False,False,True
True,True,True,True,True,True,False,False,False,False,True
True,True,True,True,True,True,True,False,False,True,True
True,False,True,True,False,True,False,True,False,False,True
True,True,True,True,True,True,False,False,False,True,True
True,True,True,True,True,True,False,False,False,True,True
True,True,True,True,True,True,True,False,False,True,True
True,True,True,True,True,True,True,True,False,True,True
False,True,True,True,True,True,True,False,False,False,True
True,True,True,True,True,True,False,False,False,True,True
True,True,True,True,True,True,False,False,False,False,True
True,True,False,True,True,True,False,False,False,False,True
True,True,True,True,False,False,True,True,False,True,True
True,True,True,True,True,True,True,True,False,False,True
True,True,True,True,False,False,True,True,False,False,True
True,True,True,True,True,True,False,True,False,False,True
True,True,True,True,True,True,False,False,False,False,True
False,True,True,True,True,True,False,False,False,False,True
True,False,True,True,True,True,False,False,True,False,True
False,False,True,True,True,True,False,False,False,False,True
True,False,True,True,False,False,True,True,False,False,True
True,True,False,True,True,True,False,False,False,False,True
False,False,False,False,False,False,False,False,False,False,True
True,True,True,True,True,True,True,True,True,False,True
True,True,True,True,True,True,False,False,False,False,True
True,True,True,True,True,True,False,False,False,False,True
True,True,True,True,True,True,False,False,False,False,True
True,True,True,True,True,True,False,False,False,False,True
True,True,True,True,True,True,False,False,False,False,True
True,True,True,True,True,True,False,False,False,False,True
True,True,True,True,True,True,False,False,False,False,True
True,True,True,True,True,True,False,True,False,False,True
True,True,True,True,True,True,True,True,False,False,True
True,True,True,True,True,True,True,True,False,False,True
True,True,True,True,True,True,True,True,False,False,True
True,True,True,True,True,True,True,True,True,False,True
True,True,True,True,True,True,True,False,False,False,True
True,True,True,True,True,True,True,False,False,False,True
True,True,False,True,True,True,True,False,False,False,True
True,False,True,True,False,False,False,True,False,False,True
True,True,True,True,True,True,True,True,False,False,True
True,True,True,False,False,True,True,True,False,False,True
True,True,True,True,True,True,True,True,False,False,True
True,True,False,True,True,True,False,True,False,True,True
True,True,True,True,True,True,False,True,False,True,True
False,False,True,False,True,True,True,True,False,False,True
True,True,True,False,False,True,True,True,False,False,True
True,True,True,False,False,False,True,False,False,False,True
True,True,True,False,True,True,True,False,False,False,True
True,True,True,False,True,False,True,False,False,False,True
True,True,True,False,True,True,True,True,False,False,True
False,False,True,True,True,True,True,False,False,False,True
True,True,True,True,True,True,True,True,False,False,True
True,True,True,True,True,True,True,True,False,False,True
True,True,True,True,True,True,True,True,False,False,True
True,True,True,True,True,True,False,False,False,False,True
True,True,True,True,True,True,False,False,False,True,True
True,True,True,True,True,True,False,True,False,False,True
True,True,True,True,True,True,False,False,False,False,True
True,True,True,True,True,True,False,False,False,True,True
True,True,True,True,False,False,True,True,False,False,True
True,True,True,True,False,False,True,True,False,False,True
True,True,True,True,True,True,True,True,False,False,True
False,False,False,False,False,False,False,False,False,False,True
True,False,True,True,False,False,False,True,True,False,True
True,True,True,True,True,True,False,True,True,True,True
True,True,True,True,True,True,False,True,True,True,True
True,True,True,True,True,True,False,True,True,False,True
False,False,True,True,False,False,False,False,False,True,True
True,False,False,False,False,False,False,True,False,False,True
False,False,False,False,False,False,True,True,False,False,True
False,False,True,True,True,True,True,False,False,False,True
True,True,True,True,True,True,True,False,False,False,True
True,True,True,True,True,True,False,True,False,False,True
True,True,True,True,True,True,True,True,False,False,True
False,False,True,True,True,False,False,False,False,False,True
False,False,True,True,False,False,False,False,False,False,True
True,True,True,True,True,True,True,True,False,False,True
True,False,True,True,False,False,True,False,False,True,True
False,False,False,True,True,True,True,False,False,False,True
True,True,True,True,True,True,True,False,False,False,True
True,True,True,True,True,True,True,True,True,True,True
True,True,True,True,True,True,True,True,False,True,True
True,False,True,True,True,True,True,False,False,True,True
True,True,True,True,True,True,True,True,False,True,True
True,True,True,True,True,True,True,True,False,True,True
True,True,True,True,True,True,True,False,False,False,True
True,True,True,True,False,False,True,False,False,False,True
True,True,True,True,True,True,False,False,False,False,True
False,False,False,True,True,True,False,False,False,False,True
False,False,True,True,True,True,False,False,False,True,True
True,True,True,True,True,True,False,False,False,False,True
False,False,False,False,False,False,False,False,False,False,True
True,True,True,True,True,True,True,True,False,False,True
False,False,True,True,True,True,False,False,False,False,True
False,False,True,False,False,False,True,True,False,False,True
False,True,True,True,True,True,False,False,False,False,True
True,True,True,True,True,True,True,True,True,True,True
True,True,True,True,True,True,True,True,True,False,True
True,True,True,True,True,True,True,True,True,False,True
True,True,True,True,True,True,True,True,True,False,True
True,True,True,True,True,True,False,False,False,False,True
True,True,True,True,True,True,True,True,True,False,True
True,True,True,True,True,True,False,False,True,False,True
True,True,True,True,True,True,True,True,False,False,True
False,True,True,True,True,True,False,False,True,True,True
True,True,True,True,True,True,False,True,False,False,True
True,True,True,True,True,True,True,True,False,True,True
True,True,True,True,True,True,False,True,False,True,True
True,True,True,True,True,True,False,True,False,True,True
True,True,True,True,True,True,True,True,True,False,True
True,True,True,True,True,True,True,True,False,False,True
True,True,True,True,True,True,True,True,True,True,True
True,True,True,True,True,True,True,True,False,True,True
True,True,True,True,True,True,True,False,False,False,True
True,True,True,True,True,True,True,True,False,True,True
True,True,True,True,True,True,False,False,False,False,True
True,True,True,True,True,True,False,False,False,False,True
False,False,True,True,True,True,False,False,False,False,True
True,True,False,True,True,True,False,False,False,False,True
True,True,True,True,True,True,False,False,False,False,True
True,True,True,True,True,True,True,True,True,False,True
True,True,True,True,True,True,False,True,True,False,True
True,True,True,True,True,True,False,True,True,False,True
True,False,True,True,True,True,False,False,False,False,True
False,False,True,True,True,True,False,False,False,True,True
True,False,True,False,False,False,False,False,True,False,True
True,False,True,True,True,True,False,False,True,False,True
True,False,True,True,False,False,True,True,False,False,True
True,True,True,True,True,True,True,True,False,True,True
True,True,True,True,True,True,True,False,False,False,True
True,True,True,True,True,True,True,True,False,False,True
True,True,True,True,True,True,False,False,False,False,True
True,True,True,True,True,True,True,True,False,False,True
True,True,True,True,True,True,False,False,True,False,True
True,True,True,True,True,True,True,False,False,False,True
True,True,True,True,True,True,True,False,False,False,True
True,True,True,True,True,True,True,False,False,False,True
True,True,True,True,True,True,True,True,False,False,True
True,True,True,True,True,True,True,False,False,False,True
True,True,True,True,True,True,True,False,False,False,True
True,True,True,True,True,True,False,False,False,False,True
True,False,True,True,True,True,False,False,False,False,True
True,True,True,True,True,True,False,False,False,False,True
False,False,True,True,True,True,False,False,False,False,True
False,False,True,True,True,True,False,False,False,False,True
False,False,True,True,True,True,False,False,False,True,True
False,False,False,True,False,False,False,False,False,False,True
False,True,False,False,False,False,False,True,False,False,True
False,True,False,False,False,False,False,True,False,False,True
True,True,False,False,False,False,False,True,False,False,True
False,True,False,False,False,False,False,True,False,False,True
True,True,False,True,False,False,False,True,False,False,True
False,True,True,True,True,True,False,True,True,False,True
True,True,True,True,True,True,False,False,True,False,True
True,True,True,True,True,True,False,True,True,False,True
True,True,True,True,True,True,False,False,False,False,True
True,True,True,True,True,True,False,False,True,False,True
True,True,True,True,True,True,False,False,True,True,True
True,True,True,True,True,True,False,False,True,False,True
True,False,True,True,True,True,False,False,True,False,True
True,True,True,True,True,True,False,False,False,False,True
True,True,True,True,True,True,True,False,False,False,True
True,False,True,True,True,True,False,False,False,False,True
True,True,True,True,True,True,False,False,False,False,True
False,True,True,True,True,True,False,False,False,False,True
False,True,True,True,False,False,False,False,False,False,True
True,True,True,True,True,True,False,False,False,False,True
True,True,True,True,False,False,False,False,False,False,True
True,False,True,True,True,True,False,False,False,False,True
False,False,True,True,True,True,False,False,False,False,True
True,True,True,True,True,True,False,True,True,False,True
True,True,True,True,True,True,False,False,False,False,True
True,False,True,False,False,False,False,False,False,False,True
True,True,True,True,True,True,False,False,False,False,True
True,True,True,True,True,True,False,False,False,False,True
True,True,True,True,True,True,False,False,False,False,True
True,True,True,True,True,True,False,False,False,False,True
True,True,True,True,True,True,True,True,False,True,True
True,False,True,True,True,True,True,False,False,False,True
True,True,True,True,True,True,False,False,False,False,True
True,True,True,True,True,True,False,False,False,False,True
True,True,True,True,True,True,False,False,False,False,True
True,True,True,True,True,True,False,False,False,False,True
True,True,True,True,True,True,False,False,False,False,True
True,True,True,True,True,True,False,False,False,False,True
True,True,True,True,True,True,False,False,False,False,True
True,True,True,True,True,True,True,True,False,False,True
True,False,True,True,False,False,False,False,False,False,True
False,False,True,True,True,True,False,False,False,True,True
False,False,True,True,True,True,False,False,False,False,True
False,True,True,True,True,True,False,False,False,False,True
False,False,True,True,False,False,False,False,False,False,True
True,True,True,True,True,True,False,False,False,False,True
False,False,False,False,False,False,False,False,False,False,False
False,False,True,True,True,True,False,False,False,False,True
True,True,True,True,True,True,False,False,False,False,True
False,True,True,True,True,True,False,False,False,False,True
True,True,True,True,True,True,False,False,False,False,True
True,True,True,True,True,True,False,True,False,False,True
True,True,True,True,True,True,False,True,False,False,True
False,False,True,True,True,True,False,False,False,True,True
True,False,False,True,True,True,False,False,False,False,True
False,False,True,True,True,False,False,False,False,False,True
True,False,True,True,False,False,False,False,False,False,True
True,False,True,True,True,True,False,False,False,False,True
False,False,False,True,False,False,False,False,False,False,True
False,False,True,True,True,True,False,False,False,False,True
True,False,True,True,False,False,False,False,False,False,True
True,True,True,True,False,False,True,True,False,False,True
True,True,True,True,True,True,False,False,False,False,True
False,False,True,True,True,False,False,False,False,False,True
True,False,True,True,True,True,True,True,False,False,True
True,False,True,True,False,False,True,False,False,False,True
True,True,True,True,True,True,True,True,False,False,True
True,True,True,True,True,True,False,True,False,False,True
True,True,False,False,False,False,True,True,False,False,True
False,True,False,True,True,True,False,False,False,False,True
True,True,True,True,True,True,True,True,True,False,True
False,True,True,True,True,True,True,True,False,False,True
True,True,True,True,True,True,True,True,False,False,True
True,True,True,True,True,True,True,True,False,False,True
False,False,True,False,False,False,True,True,False,False,True
False,False,True,False,False,False,True,False,False,False,True
False,False,True,False,False,False,True,False,False,False,True
False,False,True,False,False,False,True,False,False,False,True
True,True,True,True,True,True,True,True,False,True,True
False,False,True,True,False,False,False,False,False,False,True
True,True,True,True,False,True,True,False,False,False,True
True,True,True,True,True,True,True,False,False,False,True
True,True,True,True,True,True,True,True,False,False,True
True,False,False,True,True,True,False,False,False,True,True
True,True,False,True,True,True,False,False,False,False,True
True,True,True,True,True,True,False,True,False,False,True
True,True,True,True,True,True,True,True,False,False,True
True,True,False,True,True,True,False,True,False,False,True
True,True,True,True,True,True,True,True,False,False,True
True,True,True,True,True,True,True,True,False,True,True
True,True,True,True,True,True,True,True,False,True,True
False,False,False,True,True,True,True,False,False,False,True
False,False,True,False,False,False,True,True,False,False,True
True,True,True,True,True,True,True,True,False,False,True
True,True,True,True,True,True,False,True,False,False,True
True,True,True,True,True,True,True,False,False,False,True
False,True,True,True,True,True,False,False,False,False,True
True,True,True,True,True,True,True,True,True,True,True
True,True,True,True,True,True,False,False,False,False,True
True,True,True,True,True,True,True,True,False,False,True
False,True,True,True,True,True,True,False,False,False,True
True,False,True,False,True,True,True,True,False,False,True
True,True,True,True,True,True,False,True,False,False,True
True,True,True,True,True,True,True,False,False,False,True
True,True,True,True,True,True,False,False,False,False,True
False,False,True,False,True,True,True,False,False,False,True
False,False,True,False,True,True,True,False,False,False,True
True,False,True,True,True,True,True,False,True,False,True
True,True,True,True,True,True,True,True,False,False,True
True,True,False,True,True,True,False,True,False,False,True
True,False,True,True,True,True,True,True,False,False,True
True,True,True,True,True,True,True,True,False,False,True
True,True,True,True,True,True,True,True,False,False,True
True,True,True,True,True,True,True,False,False,False,True
False,True,True,True,True,True,True,False,False,False,True
False,True,True,True,True,True,False,False,False,False,True
True,True,True,True,True,True,False,False,False,False,True
True,False,True,False,False,False,False,False,False,False,False
True,False,True,True,False,False,False,False,False,False,True
True,False,True,True,False,False,False,False,False,False,True
True,False,True,True,False,False,False,False,False,False,True
True,True,True,True,True,True,False,False,False,False,True
True,True,True,True,True,True,False,True,False,False,True
True,True,True,True,True,True,False,False,False,False,True
True,True,True,True,True,True,False,True,False,False,True
True,True,True,True,True,True,False,False,False,False,True
True,True,True,True,True,True,True,True,True,True,True
False,False,True,True,True,False,True,True,False,False,True
False,True,True,True,True,True,True,True,False,True,True
True,True,False,True,True,True,False,False,False,False,True
True,True,False,False,True,True,False,False,False,True,True
True,True,True,True,True,True,False,False,False,False,True
True,True,True,True,True,True,True,True,False,False,True
True,True,True,True,True,True,False,False,True,False,True
True,True,False,True,True,True,False,False,False,False,True
True,True,True,True,True,True,False,False,False,False,True
False,False,True,True,True,True,False,True,False,False,True
False,False,False,True,False,False,False,False,True,False,True
False,False,False,True,False,True,False,False,False,False,True
True,True,False,True,True,True,False,False,True,False,True
True,True,True,True,True,True,True,True,True,False,True
True,False,True,True,True,True,False,False,False,False,True
False,False,True,False,True,False,True,False,False,False,True
False,False,True,False,True,False,True,False,False,False,True
False,False,True,False,True,True,True,False,False,False,True
True,True,False,False,False,True,False,False,False,False,True
True,True,True,True,False,True,False,False,False,False,True
True,True,True,True,True,True,True,True,True,True,True
False,False,True,True,True,True,True,True,True,True,True
True,True,True,True,True,True,False,False,False,False,True
True,True,True,True,True,True,True,False,False,False,True
True,True,True,True,True,True,False,False,False,False,True
True,True,True,True,True,True,False,False,False,False,True
True,True,True,True,True,True,False,False,True,False,True
True,True,True,True,True,True,True,True,False,False,True
True,True,True,True,True,True,True,True,False,False,True
True,True,False,True,True,True,False,False,False,False,True
False,False,True,True,True,False,False,False,False,False,True
False,False,True,True,True,True,False,False,False,False,True
False,False,True,True,True,False,False,False,False,True,True
True,True,True,True,True,True,True,False,True,False,True
True,True,True,True,True,True,True,True,False,False,True
True,True,True,True,True,True,True,False,False,False,True
True,True,True,True,True,True,True,True,False,False,True
True,False,True,True,True,True,False,False,False,False,True
True,False,True,True,True,True,False,False,False,False,True
True,False,True,True,True,True,False,False,True,False,True
True,True,True,True,True,True,True,False,False,False,True
True,True,True,True,True,True,False,False,False,False,True
True,True,True,True,False,False,True,False,True,False,True
True,True,True,True,True,True,True,False,False,True,True
True,True,True,True,True,True,False,False,False,True,True
True,True,True,True,True,True,False,False,False,True,True
True,True,True,True,True,True,False,False,False,True,True
True,True,True,True,True,True,True,True,False,False,True
True,True,True,True,True,True,False,False,False,False,True
True,True,True,True,True,True,False,False,False,False,True
True,True,True,True,False,False,False,False,False,False,True
True,True,True,True,True,True,False,False,False,False,True
True,False,False,False,False,False,True,True,False,False,True
True,True,True,True,True,True,True,False,True,True,True
True,True,True,True,True,True,False,False,True,True,True
True,True,True,True,True,True,True,True,True,True,True
True,True,True,True,True,True,False,False,True,True,True
True,True,True,True,True,True,True,True,False,False,True
True,True,True,True,True,True,True,True,False,False,True
True,True,True,True,True,True,False,False,False,False,True
True,False,True,False,False,False,True,False,False,False,True
True,True,False,True,True,True,False,False,False,False,True
True,True,True,True,True,True,True,False,False,False,True
True,False,True,True,True,True,True,False,False,False,True
True,False,False,False,True,True,False,False,False,False,True
True,True,True,True,True,True,False,False,False,False,True
True,True,True,True,True,True,False,True,True,False,True
True,True,True,True,True,True,False,True,True,False,True
False,True,True,True,True,True,False,False,False,False,True
True,True,True,True,True,True,True,True,False,True,True
True,False,True,True,False,False,True,True,False,True,True
True,True,True,True,True,True,True,True,False,False,True
True,True,False,True,True,True,False,False,False,False,True
False,False,True,False,False,False,True,True,True,False,True
False,False,False,False,False,False,False,False,False,False,True
False,True,True,True,True,True,False,False,False,True,True
True,True,True,True,True,True,False,True,True,True,True
True,True,True,True,True,True,False,False,False,False,True
True,True,True,True,True,True,False,False,True,False,True
False,False,True,True,True,True,False,False,False,False,True
True,True,True,True,True,True,False,True,True,False,True
True,True,True,True,True,True,False,False,True,False,True
True,True,True,True,True,True,False,False,False,False,True
True,True,True,True,True,True,False,False,False,False,True
True,True,True,True,True,True,False,False,False,False,True
True,True,True,True,True,True,False,True,False,False,True
True,True,False,True,True,True,False,False,False,False,True
True,True,True,True,True,True,False,False,False,False,True
True,True,True,True,True,True,False,True,True,False,True
True,True,True,True,True,True,False,False,False,False,True
True,True,True,True,True,True,False,False,False,False,True
True,True,True,True,True,True,False,False,False,False,True
True,True,True,True,True,True,False,True,False,False,True
True,True,True,True,True,True,False,True,False,False,True
True,True,True,True,True,True,False,False,False,False,True
True,True,True,True,True,True,True,False,False,False,True
True,True,True,True,True,True,False,False,False,False,True
False,False,True,True,True,True,False,False,False,False,True
True,True,True,True,True,True,False,False,False,False,True
True,True,True,True,True,True,True,False,False,False,True
False,False,True,True,True,True,False,True,False,False,True
True,False,True,True,True,True,True,True,True,False,True
False,False,True,True,True,True,True,True,True,False,True
True,False,True,True,True,True,True,False,False,False,True
False,False,True,False,False,False,False,False,False,False,True
True,False,True,True,True,True,True,False,False,False,True
True,True,True,True,True,True,False,False,False,False,True
True,True,True,True,True,True,False,False,False,False,True
True,True,True,True,True,True,False,False,False,False,True
True,True,True,False,False,True,True,False,False,False,True
True,False,True,False,False,False,True,False,False,False,True
False,False,False,False,False,False,False,True,False,False,True
True,False,False,False,True,True,True,True,False,False,True
True,True,True,True,True,True,False,False,False,True,True
True,True,True,True,True,True,False,True,True,False,True
True,True,True,True,True,True,True,True,True,True,True
False,False,True,False,True,True,False,False,True,False,True
False,False,True,False,True,True,False,False,True,False,True
False,False,True,False,True,True,False,False,True,False,True
True,False,True,True,True,True,False,False,True,False,True
False,True,True,True,False,True,False,False,False,False,True
False,False,True,True,True,True,True,False,False,False,True
True,True,True,True,True,True,False,False,True,False,True
True,True,True,True,True,True,True,True,False,False,True
True,True,True,True,True,True,True,True,True,True,True
True,True,True,True,True,True,True,True,False,True,True
True,True,True,True,True,True,True,True,True,True,True
True,True,True,True,True,True,True,True,False,True,True
True,True,True,True,True,True,True,True,True,True,True
False,True,True,True,True,True,True,True,False,False,True
True,True,True,True,True,True,False,False,False,False,True
True,True,True,True,True,True,True,False,False,False,True
True,False,True,False,False,False,False,False,False,False,True
True,True,True,True,True,True,False,False,False,False,True
True,True,True,True,True,True,True,False,True,False,True
True,True,True,True,False,True,False,False,False,False,True
True,True,True,True,True,True,True,False,False,False,True
True,True,True,True,True,True,True,False,False,False,True
True,True,True,True,True,True,True,True,True,True,True
True,True,True,True,True,True,True,True,False,True,True
True,True,True,True,True,True,True,True,False,True,True
True,True,True,True,True,True,True,True,False,True,True
True,True,True,True,True,True,False,False,False,False,True
True,True,True,False,False,True,True,True,False,False,True
True,True,True,True,True,True,True,True,False,False,True
True,True,True,True,True,True,False,False,False,False,True
True,True,True,True,True,True,False,True,True,True,True
True,True,True,True,True,True,False,False,False,False,True
True,True,True,True,True,True,False,False,False,False,True
True,True,True,True,True,True,True,True,True,False,True
True,True,False,False,False,True,True,True,False,False,True
False,False,True,False,False,False,True,True,False,False,True
True,True,True,True,False,True,True,True,False,False,True
True,True,True,True,True,True,True,True,False,False,True
True,True,True,True,True,True,True,True,False,False,True
True,True,True,True,True,True,True,True,False,False,True
False,False,False,False,False,False,True,True,False,False,True
True,True,True,True,True,True,True,True,False,True,True
True,True,True,True,True,True,False,True,False,False,True
True,True,True,True,True,True,False,False,False,False,True
True,True,True,True,True,True,True,True,False,False,True
True,True,False,False,False,False,False,False,False,False,True
True,True,True,True,True,True,False,False,False,False,True
True,True,True,True,True,True,False,False,False,True,True
True,True,True,True,True,True,False,False,False,True,True
True,True,True,True,True,True,True,True,False,False,True
False,False,False,False,True,True,True,True,False,False,True
True,True,True,True,True,False,True,True,False,False,True
True,True,True,True,True,True,True,True,True,True,True
True,True,True,True,True,True,False,False,False,False,True
False,False,False,False,False,False,True,True,False,False,True
True,True,True,True,True,True,True,True,False,False,True
True,True,True,True,True,True,True,True,True,True,True
True,True,True,True,True,True,True,True,False,False,True
True,True,True,False,False,True,True,True,False,False,True
True,True,True,True,True,True,True,True,True,False,True
True,True,True,True,True,True,True,True,False,False,True
True,True,True,True,True,True,False,False,False,False,True
True,True,True,True,True,True,False,True,False,False,True
True,True,True,True,True,True,True,True,True,False,True
True,True,True,True,True,True,True,True,True,True,True
True,True,True,True,True,True,True,True,False,True,True
True,True,True,True,True,True,True,True,False,False,True
True,True,False,False,False,False,False,False,True,False,True
True,True,True,True,True,True,False,True,False,False,True
True,True,True,True,True,True,False,False,False,False,True
True,True,True,True,True,True,False,True,False,False,True
True,True,True,True,True,True,False,False,False,False,True
True,True,True,True,True,True,False,False,False,False,True
True,True,True,True,True,True,False,False,False,False,True
True,True,True,True,True,True,False,False,False,False,True
True,True,False,True,True,True,True,True,False,False,True
True,True,True,True,True,True,True,True,False,False,True
True,True,True,True,True,True,True,True,False,False,True
True,True,True,True,True,True,True,True,True,True,True
False,True,True,True,True,True,True,True,True,True,True
True,True,False,True,False,False,False,False,False,False,True
True,True,True,True,True,True,True,True,False,False,True
True,True,True,True,True,True,True,True,False,False,True
True,True,True,True,True,True,False,False,False,False,True
False,True,False,True,False,False,False,True,False,False,True
False,True,False,True,False,False,False,False,False,False,True
True,True,False,True,True,True,False,False,False,False,True
True,True,True,True,True,True,True,False,False,False,True
True,True,True,False,False,False,False,False,False,False,True
False,False,False,False,False,False,True,True,False,False,True
True,False,True,True,True,True,False,False,False,False,True
True,True,True,True,True,True,False,False,True,False,True
True,True,True,True,True,True,False,False,False,False,True
True,True,True,True,True,True,False,True,True,False,True
False,False,True,True,True,True,False,False,False,False,True
True,True,True,True,True,True,True,True,False,False,True
True,True,True,True,True,True,True,False,False,False,True
True,True,True,True,True,True,False,True,False,False,True
True,True,False,True,True,True,False,False,False,False,True
True,True,True,True,True,True,False,True,False,False,True
True,True,False,False,False,True,False,False,False,False,True
True,True,True,True,True,True,True,True,True,False,True
True,True,True,True,True,True,False,False,False,False,True
True,True,True,True,True,True,False,True,True,False,True
False,False,True,True,True,True,False,False,False,False,True
True,True,True,True,True,True,False,False,False,False,True
True,True,True,True,True,True,False,True,True,False,True
True,True,True,True,True,True,False,False,False,False,True
True,True,True,True,True,True,False,False,False,False,True
True,True,True,True,True,True,False,False,False,False,True
False,False,True,True,False,False,False,False,False,False,True
False,False,True,True,False,True,False,False,False,False,True
True,False,True,True,False,False,False,False,False,False,True
False,True,True,True,True,True,False,False,True,False,True
True,True,True,True,True,True,False,False,True,True,True
True,True,True,True,True,True,False,False,True,True,True
True,True,True,True,True,True,True,True,False,False,True
True,True,True,True,True,True,True,True,False,False,True
True,True,True,True,True,True,True,True,False,False,True
True,True,True,True,True,True,False,False,False,False,True
True,True,True,True,True,True,False,False,False,False,True
True,True,True,True,True,True,False,False,False,False,True
True,True,True,True,True,True,False,False,False,False,True
True,True,True,True,True,True,False,False,False,False,True
True,True,True,True,True,True,True,True,True,True,True
True,True,True,True,True,True,True,True,True,True,True
True,True,True,True,True,True,True,False,True,True,True
True,False,False,False,True,True,False,False,False,False,True
True,True,True,True,True,True,True,True,False,True,True
False,True,True,True,True,True,False,True,False,True,True
True,True,True,True,True,True,False,False,False,True,True
True,True,True,True,True,True,False,False,False,True,True
False,False,True,True,True,True,False,False,False,True,True
True,True,True,True,True,True,True,True,False,False,True
True,True,True,True,True,True,True,True,False,False,True
True,True,True,True,True,True,True,True,False,False,True
True,True,True,True,True,True,True,True,False,False,True
True,True,True,True,True,True,False,False,False,False,True
True,True,True,True,True,True,False,False,False,False,True
False,False,False,True,False,False,False,False,False,True,True
True,True,True,True,True,True,False,False,False,False,True
True,True,True,True,True,True,False,False,False,False,True
True,True,True,True,True,True,True,True,False,False,True
True,True,True,True,True,True,True,True,False,False,True
True,True,True,True,True,True,True,True,False,False,True
True,True,True,True,True,True,False,False,False,False,True
True,True,True,True,True,True,False,True,False,False,True
True,True,False,True,True,True,True,True,False,False,True
True,True,False,False,True,True,True,True,False,False,True
False,False,False,False,False,False,False,True,False,False,True
True,True,True,True,True,True,True,True,True,False,True
True,True,True,True,True,True,False,True,False,True,True
True,True,True,True,True,True,True,True,False,False,True
True,True,True,True,True,True,True,True,True,False,True
True,True,True,True,True,True,True,True,False,True,True
True,True,False,True,True,True,True,True,False,False,True
True,True,True,True,True,True,True,True,False,True,True
True,True,True,True,True,True,False,False,False,False,True
True,True,True,True,True,True,True,True,False,True,True
True,True,True,True,True,True,True,True,False,False,True
True,True,True,True,True,True,False,False,False,False,True
True,True,True,True,True,True,False,False,False,False,True
True,False,True,True,True,True,True,False,False,False,True
True,False,True,True,True,True,True,True,False,True,True
True,False,True,False,True,True,True,False,True,False,True
True,True,True,True,True,True,False,False,True,False,True
False,False,True,True,True,True,False,False,True,False,True
True,False,False,True,True,True,False,False,False,False,True
True,True,True,True,True,True,False,False,False,False,True
True,False,True,True,True,True,False,False,False,False,True
True,False,True,True,True,True,False,False,False,True,True
True,False,True,True,True,True,False,True,False,False,True
True,True,False,False,False,True,False,True,False,False,True
True,True,False,False,False,False,False,True,False,False,True
True,True,True,True,True,True,True,True,False,False,True
True,False,True,True,True,True,False,False,False,False,True
True,False,True,True,True,True,False,False,False,False,True
True,False,True,True,True,True,False,True,False,False,True
True,True,True,True,True,True,True,True,False,False,True
True,True,True,True,True,True,True,True,False,False,True
True,True,True,True,True,True,True,True,False,False,True
True,True,False,True,True,True,True,True,False,False,True
True,True,True,True,True,True,False,False,False,False,True
True,True,False,True,True,True,False,False,False,False,True
True,False,False,False,False,True,False,False,False,False,True
True,True,True,True,True,True,False,False,False,False,True
True,False,False,True,False,False,False,False,False,False,True
False,False,False,True,False,False,False,True,False,True,True
True,True,False,True,False,False,False,False,False,False,True
False,False,True,False,False,False,False,False,False,False,True
True,True,True,True,True,True,True,True,False,False,True
False,False,True,True,False,False,False,False,False,True,True
True,False,True,True,True,True,True,True,False,True,True
True,True,True,True,True,True,True,True,False,False,True
True,True,False,False,True,True,False,True,False,False,True
True,True,True,True,True,True,True,False,False,False,True
True,False,False,True,False,True,False,True,False,False,True
True,True,False,False,False,True,False,True,False,False,True
True,True,True,True,True,True,True,False,False,True,True
True,True,True,True,True,True,False,False,False,True,True
True,True,True,True,True,True,True,False,False,False,True
True,False,True,True,True,True,True,False,False,False,True
True,False,True,True,True,True,False,False,False,True,True
False,True,True,True,True,True,True,False,False,False,True
False,False,True,True,True,True,True,False,False,False,True
True,True,True,True,True,True,True,True,False,False,True
True,True,True,True,True,True,True,False,False,True,True
True,False,True,True,True,True,True,False,False,False,True
True,False,True,True,True,True,True,True,False,True,True
True,True,True,True,False,False,True,True,False,False,True
True,True,True,True,True,True,True,True,False,False,True
False,False,True,True,True,True,True,False,False,False,True
True,True,True,True,True,True,True,False,False,False,True
True,True,True,True,True,True,False,False,False,False,True
True,False,False,False,False,False,False,False,False,False,True
True,False,True,True,True,True,False,False,False,False,True
True,False,False,False,True,True,False,False,False,False,True
True,False,False,False,True,True,False,False,False,False,True
True,True,False,False,True,True,False,False,False,False,True
True,True,True,True,True,True,False,True,False,True,True
False,True,True,True,True,True,False,True,False,False,True
True,True,True,True,True,True,False,False,False,False,True
True,True,True,True,True,True,True,True,False,False,True
False,False,True,False,True,True,True,False,False,True,True
False,False,True,False,True,True,True,False,False,True,True
False,False,False,True,True,True,True,False,False,False,True
True,True,True,False,False,False,True,False,False,False,True
True,True,True,True,True,True,True,False,False,False,True
True,True,True,True,True,True,True,False,False,False,True
True,True,True,True,True,True,False,False,False,False,True
True,True,True,True,True,True,False,False,False,False,True
True,True,True,True,True,True,False,False,False,False,True
True,True,True,True,True,True,False,False,False,False,True
True,True,False,True,True,True,True,True,False,False,True
True,True,True,True,True,True,False,False,False,False,True
True,True,True,True,True,True,False,False,False,False,True
False,False,True,True,True,True,True,True,False,True,True
False,False,True,True,False,False,False,False,False,False,True
True,True,True,True,True,True,True,True,False,False,True
True,False,True,True,False,False,True,True,False,False,True
True,True,True,True,True,True,True,True,True,False,True
True,True,True,True,True,True,False,False,False,False,True
True,True,True,True,True,True,True,False,False,False,True
True,False,False,False,False,True,False,False,False,False,True
True,True,True,False,False,True,True,True,False,False,True
True,True,True,True,True,True,True,True,False,False,True
True,True,True,True,True,True,True,False,False,False,True
True,True,True,True,True,True,True,True,False,True,True
False,True,True,True,True,True,False,True,False,False,True
True,True,False,True,False,False,False,True,False,False,True
True,True,False,False,False,False,False,True,True,False,True
True,True,False,False,False,True,True,True,False,False,True
True,True,False,True,True,True,False,True,False,False,True
True,False,False,False,False,False,False,False,False,False,False
True,True,True,True,True,True,False,True,False,False,True
True,True,True,True,True,True,True,True,False,False,True
True,False,True,False,False,True,True,False,False,False,True
True,True,True,True,True,True,True,True,False,False,True
True,True,False,False,False,False,False,True,False,False,True
True,True,True,True,True,True,False,False,False,False,True
True,True,True,True,True,True,True,True,False,False,True
True,False,True,True,True,True,True,True,False,False,True
False,False,True,True,False,False,False,False,False,False,True
True,True,True,True,True,True,False,False,False,False,True
True,False,True,True,True,True,False,False,False,False,True
False,False,True,True,False,False,False,False,False,False,True
False,False,True,True,False,False,False,False,False,False,True
False,False,True,True,False,True,False,False,False,False,True
False,False,True,True,True,False,False,False,False,True,True
False,False,False,True,False,False,False,False,False,True,True
False,False,True,True,True,False,False,False,False,True,True
True,False,False,True,False,False,False,False,False,False,True
True,True,True,True,True,True,False,False,False,False,True
True,True,True,True,True,True,False,False,False,False,True
False,False,True,True,False,False,False,False,False,True,True
False,False,False,False,False,False,False,False,False,False,False
True,True,True,True,True,True,False,False,False,True,True
True,True,False,False,False,True,False,True,False,False,True
True,True,True,True,True,True,False,True,False,False,True
True,True,True,True,True,True,False,True,False,False,True
False,False,False,True,False,True,False,False,False,False,True
True,True,True,True,True,True,True,True,False,True,True
True,True,True,True,True,True,True,True,True,False,True
True,True,True,True,True,True,True,False,False,False,True
True,True,True,True,True,True,True,False,False,False,True
True,True,True,True,True,True,True,True,False,False,True
True,True,True,True,True,True,True,True,False,False,True
True,True,False,True,True,True,False,True,False,False,True
True,True,True,True,True,True,True,True,False,False,True
True,True,True,True,True,True,True,True,False,False,True
True,True,True,True,True,True,False,False,False,False,True
True,True,True,True,True,True,False,False,False,False,True
True,True,True,True,True,True,True,True,False,False,True
True,True,True,True,True,True,True,True,False,True,True
True,True,True,True,True,True,True,True,True,False,True
False,True,False,True,True,True,False,False,False,False,True
True,True,True,True,True,True,True,True,True,True,True
True,True,True,True,True,True,True,True,True,True,True
True,True,True,True,True,True,True,True,False,False,True
False,False,True,False,False,False,False,False,False,False,True
True,True,True,True,True,True,True,True,False,False,True
True,True,False,True,True,True,True,True,False,False,True
True,False,True,True,False,False,False,True,False,True,True
True,True,True,True,True,True,False,True,False,False,True
True,True,True,True,True,True,True,True,False,False,True
True,True,True,True,True,True,True,True,False,False,True
True,True,True,True,True,True,True,True,False,False,True
True,True,True,True,True,True,True,True,False,False,True
True,True,True,True,True,True,True,False,False,False,True
True,True,True,True,True,True,True,True,False,True,True
True,True,True,True,True,True,True,True,False,False,True
True,True,True,True,True,True,True,True,False,False,True
True,True,True,True,True,True,True,True,False,False,True
True,True,True,False,False,False,True,False,False,False,True
True,True,True,True,True,True,True,True,False,False,True
True,False,True,True,True,True,True,True,False,True,True
True,True,True,True,True,True,True,True,False,False,True
True,True,True,True,True,True,False,False,False,True,True
True,True,True,True,True,True,False,False,False,True,True
True,True,True,True,True,True,False,False,False,True,True
True,False,True,False,False,False,False,False,False,True,True
True,False,True,True,False,False,False,False,False,True,True
True,False,False,False,False,False,False,False,False,True,True
True,True,True,False,True,False,True,False,False,False,True
True,True,True,True,True,True,False,True,False,False,True
True,True,True,True,True,True,False,False,False,False,True
False,False,True,True,True,True,False,False,False,False,True
True,True,True,True,True,True,True,False,True,False,True
False,True,True,True,True,True,True,False,False,False,True
True,True,True,True,True,True,False,True,True,False,True
True,True,True,True,True,True,False,False,False,False,True
True,True,True,True,True,True,True,True,True,False,True
True,True,True,True,True,True,False,False,False,False,True
False,True,True,True,True,True,True,False,False,False,True
True,True,True,True,True,True,True,False,True,False,True
True,True,True,True,True,True,True,False,False,False,True
False,False,True,True,True,True,True,True,False,False,True
True,True,False,False,False,True,False,False,False,False,True
True,True,True,True,True,True,True,True,False,False,True
True,True,True,True,True,True,True,True,False,False,True
True,True,True,True,True,True,True,True,False,False,True
True,True,True,True,True,True,False,True,False,False,True
False,True,True,True,True,True,True,False,False,True,True
False,True,True,True,True,True,True,False,False,True,True
True,True,True,True,True,True,True,True,False,False,True
True,True,True,True,True,True,True,False,False,True,True
True,True,True,True,True,True,False,False,False,False,True
True,True,False,False,False,False,False,False,False,False,True
True,True,True,True,True,True,False,False,False,True,True
True,True,True,True,True,True,False,False,True,True,True
True,True,True,True,True,True,False,False,False,True,True
True,True,True,True,True,True,False,True,True,False,True
True,True,True,True,True,True,False,False,False,False,True
True,True,True,True,True,True,False,False,False,False,True
True,True,True,True,True,True,False,False,False,False,True
True,True,True,True,True,True,False,False,False,False,True
False,True,True,True,True,True,False,False,False,False,True
False,False,True,True,True,True,False,False,False,False,True
False,True,True,True,True,True,False,False,False,False,True
True,True,True,True,True,True,False,False,False,False,True
True,True,True,True,False,True,False,False,False,False,True
True,True,True,True,True,True,True,True,False,False,True
True,True,True,True,True,True,True,True,False,False,True
True,True,True,True,True,True,True,True,False,False,True
True,True,True,True,True,True,True,True,False,False,True
False,False,True,True,True,True,False,False,False,False,True
True,True,True,True,True,True,True,True,False,False,True
True,False,True,False,True,True,True,True,False,False,True
True,True,True,False,False,False,True,True,False,False,True
True,False,True,True,False,False,True,True,False,False,True
False,True,True,True,True,True,True,True,False,True,True
False,False,False,True,True,True,False,False,False,True,True
False,True,False,True,True,True,True,True,False,True,True
True,True,True,True,True,True,True,True,False,False,True
True,True,True,True,True,True,True,True,False,False,True
True,True,True,True,True,True,True,True,False,False,True
True,True,True,True,True,True,True,False,False,False,True
True,False,False,True,False,False,True,True,False,False,True
False,False,True,True,True,True,True,False,False,True,True
True,True,True,True,True,True,False,True,True,False,True
True,True,True,True,True,True,False,False,False,False,True
True,True,False,True,True,True,False,False,False,False,True
True,True,True,False,False,False,False,False,False,False,True
True,True,True,True,True,True,False,True,False,False,True
True,False,True,True,False,False,True,True,True,False,True
True,True,True,True,False,False,False,False,False,True,True
True,True,True,True,False,False,False,True,False,False,True
False,True,True,True,True,True,True,False,False,False,True
False,False,True,False,False,True,False,True,False,False,True
True,True,True,True,True,True,True,True,False,False,True
True,True,True,True,True,True,True,False,True,False,True
True,True,True,True,True,True,True,False,False,False,True
True,True,True,True,True,True,True,True,False,False,True
True,True,True,True,True,True,True,True,False,False,True
False,False,True,True,False,False,False,False,False,True,True
True,True,True,True,True,True,False,True,False,False,True
True,True,True,True,True,True,True,True,False,False,True
True,True,True,True,True,True,False,True,True,False,True
True,True,True,True,True,True,True,True,False,False,True
True,True,True,True,True,True,True,True,False,False,True
True,True,True,True,True,True,True,True,True,False,True
False,False,True,True,True,True,True,False,True,False,True
False,False,True,True,True,True,False,False,False,True,True
True,True,True,True,True,True,False,False,False,False,True
False,False,True,True,True,True,False,False,False,True,True
False,False,True,True,True,True,True,False,False,False,True
True,True,True,True,True,True,True,False,False,False,True
True,True,True,True,True,True,True,True,True,False,True
False,True,True,True,True,True,True,False,False,False,True
False,True,True,True,True,True,True,True,False,False,True
True,True,True,True,True,True,True,True,True,False,True
True,True,True,True,True,True,False,False,False,True,True
True,True,True,True,True,True,True,True,True,True,True
True,True,True,True,True,True,False,False,False,True,True
True,True,True,True,True,True,True,True,False,False,True
True,True,True,True,True,True,True,True,False,False,True
True,True,True,True,True,True,True,False,False,False,True
True,True,True,True,True,True,False,True,False,True,True
True,True,True,True,True,True,True,True,False,False,True
True,True,True,True,True,True,True,False,False,False,True
True,True,True,True,True,True,True,True,False,False,True
False,False,True,True,True,True,False,False,False,False,True
False,False,True,True,True,True,False,False,False,False,True
True,True,True,True,True,True,False,True,False,False,True
False,False,False,False,False,False,True,True,False,False,True
True,True,True,True,True,True,False,False,False,True,True
True,True,True,True,True,True,True,True,True,True,True
True,True,True,True,True,True,False,False,False,False,True
True,True,True,True,True,True,True,False,False,True,True
True,True,True,False,False,False,True,False,False,False,True
True,True,False,False,False,False,False,False,False,False,True
True,True,True,True,True,True,False,False,False,False,True
False,False,True,True,True,True,False,False,False,False,True
False,False,False,True,False,False,False,False,False,False,True
False,False,True,True,True,True,False,False,False,False,True
False,False,True,True,False,False,True,False,False,False,True
False,False,True,False,False,False,True,False,True,False,True
True,True,True,True,True,True,False,False,True,False,True
True,True,True,True,True,True,True,False,False,False,True
True,True,True,True,True,True,False,False,False,False,True
False,True,True,True,True,True,False,True,False,False,True
False,False,True,True,True,True,False,False,False,False,True
True,True,True,True,True,True,True,True,True,False,True
True,True,True,True,True,True,True,True,False,False,True
True,True,True,True,True,True,True,True,False,False,True
True,True,True,True,True,True,False,False,False,False,True
False,False,True,False,True,False,True,False,False,False,True
True,True,True,True,True,True,False,False,False,False,True
True,True,True,True,True,True,True,True,False,False,True
True,True,True,True,True,True,False,False,False,False,True
True,True,True,True,True,True,True,True,False,True,True
True,True,True,True,True,True,True,True,False,True,True
True,True,True,True,True,True,True,False,False,True,True
False,False,True,True,True,True,False,False,True,True,True
True,True,True,True,True,True,True,True,False,False,True
True,True,False,False,False,False,False,False,False,False,True
True,True,True,True,True,True,False,False,False,False,True
True,True,True,False,True,False,False,False,False,False,True
False,False,False,True,False,False,False,False,False,False,True
True,True,True,True,True,True,False,False,False,False,True
True,True,True,False,False,False,False,False,False,False,True
True,True,True,False,False,False,False,False,False,False,False
False,True,True,True,True,True,False,False,False,False,True
True,False,True,True,True,True,False,False,False,False,True
True,True,True,True,True,True,False,False,False,False,True
True,False,False,True,True,True,True,True,False,False,True
True,True,True,True,True,True,True,True,True,False,True
True,True,True,True,True,True,False,False,False,False,True
True,True,False,False,False,True,False,False,False,False,True
False,False,False,False,True,True,False,True,False,False,True
False,False,False,False,False,False,False,True,False,False,True
True,False,True,True,True,True,True,False,False,False,True
True,False,True,False,False,False,False,False,False,True,True
True,True,True,True,True,True,True,False,False,False,True
True,True,True,True,False,False,True,False,False,False,True
True,True,True,True,True,True,True,False,True,False,True
True,True,True,True,True,True,False,False,False,False,True
True,True,True,True,True,True,False,False,False,False,True
True,True,True,True,True,True,False,False,False,False,True
True,True,True,True,True,True,False,False,False,False,True
True,True,True,True,True,True,False,False,False,False,True
True,True,True,True,True,True,False,False,False,False,True
True,True,True,True,True,True,True,True,True,True,True
False,False,True,False,False,False,False,False,False,False,True
True,True,True,True,True,True,True,True,False,False,True
True,True,True,True,True,True,True,False,False,False,True
True,True,True,True,True,True,True,True,True,True,True
True,True,True,True,True,True,False,False,True,True,True
True,True,True,True,True,True,True,True,True,False,True
True,True,True,True,True,True,True,True,True,False,True
True,True,True,True,True,True,True,True,False,False,True
True,True,True,True,True,True,True,True,False,False,True
True,True,True,True,True,True,True,True,False,True,True
True,True,True,True,True,True,True,True,False,True,True
True,True,True,True,True,True,True,True,False,True,True
True,False,True,False,False,False,False,True,False,False,True
True,True,True,True,True,True,True,True,False,False,True
True,True,True,True,True,True,True,False,False,False,True
True,False,False,False,False,False,False,True,False,False,True
True,True,True,True,True,False,False,False,False,True,True
False,False,False,True,True,True,True,False,False,False,True
False,False,True,True,False,False,False,False,False,False,True
False,False,True,True,True,True,False,False,False,False,True
True,True,True,True,True,True,False,True,False,False,True
False,False,True,True,True,True,False,False,False,False,True
True,True,True,True,True,True,False,False,False,False,True
True,True,True,True,True,True,False,False,False,False,True
True,True,True,True,True,True,True,True,False,False,True
True,True,True,True,True,True,True,True,False,False,True
True,True,True,True,True,True,True,True,False,False,True
True,True,True,True,True,True,True,True,False,False,True
True,True,True,True,True,True,True,True,False,False,True
True,True,True,True,True,True,True,True,False,False,True
True,True,True,True,True,True,False,True,False,False,True
False,False,False,True,False,False,True,True,False,True,True
False,False,True,True,False,False,False,True,False,False,True
True,True,True,True,True,True,False,True,False,False,True
True,True,False,False,False,False,False,False,False,False,True
True,True,False,False,True,True,False,False,False,False,True
True,True,True,True,True,True,False,True,False,False,True
True,True,False,False,True,True,False,False,False,False,True
True,True,False,False,False,False,False,False,False,False,False
True,True,True,True,True,True,False,False,False,True,True
True,True,True,True,True,True,False,False,False,False,True
True,False,True,True,True,True,False,False,False,False,True
True,True,True,True,True,True,False,True,False,False,True
True,True,True,True,True,True,False,False,False,False,True
True,True,True,True,True,True,True,True,False,False,True
True,True,True,True,True,True,True,True,False,False,True
True,True,True,True,True,True,True,True,False,False,True
True,True,True,True,True,True,True,False,False,False,True
False,False,True,True,False,False,False,False,False,False,True
True,True,True,True,True,True,False,True,False,False,True
True,True,True,True,True,True,False,False,False,False,True
True,True,True,True,True,True,False,False,False,False,True
True,False,True,True,True,True,False,True,False,True,True
False,False,True,True,True,True,False,True,False,True,True
False,False,True,True,True,True,False,True,False,True,True
False,False,True,True,True,True,False,True,False,True,True
False,False,True,True,False,False,False,False,False,False,True
True,True,True,True,True,True,False,True,False,False,True
True,True,True,True,True,True,True,True,False,True,True
False,False,False,True,True,True,False,False,True,True,True
True,True,True,True,True,True,True,False,False,False,True
True,True,False,True,True,True,True,True,False,True,True
True,True,False,True,True,True,True,True,False,True,True
True,True,False,True,True,True,True,True,False,True,True
True,True,False,True,False,True,True,True,False,False,True
True,True,False,False,False,True,True,True,False,False,True
True,True,True,True,True,True,True,True,False,False,True
True,False,True,True,True,True,True,False,False,False,True
True,False,True,True,True,True,True,False,False,False,True
True,True,False,True,True,True,True,True,False,False,True
True,True,False,False,False,False,False,True,False,False,True
True,False,True,False,False,False,True,True,False,False,True
True,True,False,False,True,True,False,False,False,False,True
True,True,False,False,False,False,False,False,False,False,True
True,True,False,False,False,False,False,False,False,False,True
True,True,False,True,True,True,False,False,False,False,True
True,True,True,False,False,False,False,False,False,False,True
True,False,False,False,False,True,False,False,False,False,True
True,True,True,False,False,False,False,False,False,False,True
True,True,False,True,True,True,False,True,False,False,True
True,False,True,False,False,True,False,False,False,False,True
True,True,True,True,True,True,True,True,False,False,True
True,True,True,False,False,False,True,False,False,False,True
True,True,True,True,True,True,True,True,False,False,True
True,True,True,True,True,True,True,True,True,False,True
True,True,True,True,True,True,True,True,True,True,True
True,True,True,True,True,True,False,True,False,False,True
True,True,False,True,True,True,True,True,False,False,True
True,True,True,True,True,True,True,True,False,False,True
True,True,False,True,False,True,False,False,False,False,True
False,False,True,True,True,True,True,True,False,True,True
False,False,True,True,False,False,True,False,False,False,True
False,False,True,True,False,False,False,False,False,False,True
True,True,True,True,True,True,False,False,False,False,True
True,True,True,True,True,True,True,False,True,False,True
True,True,True,True,True,True,False,False,False,False,True
False,False,False,False,False,False,False,False,False,False,True
True,True,True,False,False,False,False,False,False,False,True
True,False,True,False,False,False,True,True,False,False,True
True,False,True,True,True,True,True,True,False,False,True
True,True,True,True,True,True,True,True,False,False,True
True,True,True,True,True,True,True,True,False,True,True
True,True,True,True,True,True,True,True,False,False,True
True,True,True,True,True,True,True,True,False,False,True
True,True,True,True,True,True,True,True,False,False,True
True,True,True,True,True,True,True,True,False,False,True
True,True,True,True,True,True,True,True,True,False,True
False,True,True,True,True,True,True,True,False,False,True
False,True,True,False,True,True,True,True,False,False,True
False,False,True,True,True,True,True,True,False,False,True
True,True,True,False,False,False,True,True,False,False,True
True,True,True,True,True,True,True,False,False,False,True
True,True,True,True,True,True,False,False,False,False,True
True,True,True,True,True,True,True,True,False,False,True
True,True,True,True,True,True,True,False,False,False,True
True,True,True,True,True,True,True,True,False,False,True
True,True,True,True,True,True,True,False,False,True,True
True,True,True,True,True,True,True,False,True,False,True
True,True,True,True,True,True,False,False,False,False,True
True,True,True,True,True,True,False,False,False,False,True
True,True,True,True,True,True,True,False,False,False,True
True,False,True,True,True,True,False,False,False,False,True
True,True,True,True,True,True,False,False,False,False,True
True,True,True,True,True,True,True,True,False,False,True
True,True,True,True,True,True,True,True,False,False,True
True,True,True,True,True,True,False,False,False,False,True
True,True,True,True,True,True,False,False,False,False,True
True,True,True,False,True,False,True,True,False,False,True
True,True,True,True,True,True,True,True,False,False,True
True,True,True,True,False,False,False,False,False,False,True
False,False,True,True,True,True,False,False,False,False,True
True,True,True,True,True,True,True,True,False,True,True
True,True,True,True,True,True,False,False,False,True,True
True,True,True,True,True,True,True,True,False,True,True
True,True,True,True,True,True,False,False,False,True,True
False,False,False,False,True,True,False,False,True,False,True
True,True,True,True,True,True,True,True,True,False,True
True,True,True,True,True,True,False,False,False,True,True
True,True,True,True,True,True,False,False,False,True,True
True,True,True,True,True,True,True,True,False,True,True
False,True,True,True,True,True,False,False,False,True,True
False,False,False,False,False,False,True,False,False,False,True
True,True,True,False,False,True,False,False,False,False,True
True,False,False,False,True,True,False,False,False,False,True
False,False,False,False,False,False,False,False,True,False,True
False,False,False,False,False,False,False,False,True,False,True
False,False,False,False,False,True,False,False,True,False,True
True,True,True,True,True,True,True,True,False,False,True
True,True,True,True,True,True,False,False,False,False,True
True,True,True,True,True,True,True,True,False,False,True
True,True,True,True,True,True,True,True,False,False,True
False,False,True,True,True,True,False,False,False,False,True
True,False,False,True,True,False,False,False,False,False,True
True,True,True,True,True,True,True,False,False,True,True
True,True,True,True,True,True,False,False,False,False,True
True,True,False,True,False,False,False,False,False,False,True
True,True,True,True,True,True,False,False,False,True,True
True,False,True,True,True,True,False,False,False,True,True
True,False,False,True,True,True,False,False,False,True,True
True,False,True,True,True,False,False,False,False,False,True
True,False,False,True,True,True,False,False,False,False,True
True,False,True,True,True,False,False,False,False,True,True
True,False,True,True,True,True,False,False,False,False,True
True,False,True,False,True,True,False,False,False,False,True
True,False,False,False,False,False,True,True,False,True,True
True,False,False,True,True,True,False,False,False,True,True
True,True,True,True,True,True,False,False,False,True,True
False,True,True,True,True,True,False,True,False,False,True
True,True,True,True,True,True,True,True,False,False,True
True,True,False,False,False,False,False,False,False,False,True
True,True,False,False,False,False,False,False,False,False,True
True,True,True,True,True,True,False,True,False,False,True
True,False,True,True,True,True,False,False,False,False,True
False,True,True,True,True,True,False,False,False,True,True
False,True,True,True,True,True,False,False,False,True,True
False,True,True,True,True,True,False,False,False,True,True
True,True,True,True,True,True,False,True,True,True,True
True,True,True,True,True,True,False,False,False,True,True
True,False,True,True,True,True,False,False,False,True,True
True,True,True,True,True,True,True,True,False,True,True
True,True,True,True,True,True,True,True,False,True,True
True,True,True,True,True,True,False,False,False,False,True
True,True,True,True,True,True,True,True,False,False,True
True,False,True,True,False,False,True,True,False,False,True
True,True,True,True,True,True,True,True,False,False,True
True,True,True,True,True,True,True,True,False,False,True
False,False,True,False,False,False,True,True,False,False,True
True,True,True,True,True,True,True,False,False,False,True
True,True,True,False,False,True,True,False,False,False,True
False,True,True,False,False,True,True,False,False,False,True
True,True,True,True,True,True,True,False,False,False,True
True,False,True,False,True,True,False,False,False,False,True
True,True,False,False,False,True,True,True,False,False,True
True,True,True,True,True,True,True,True,False,False,True
True,False,True,False,False,True,True,True,False,False,True
True,True,False,True,True,True,False,False,False,False,True
True,True,False,True,True,True,False,True,False,False,True
True,True,True,True,True,True,False,False,False,False,True
True,True,False,False,False,True,True,True,False,False,True
True,False,False,False,False,True,True,True,False,False,True
True,False,False,True,True,True,False,True,False,False,True
True,True,False,False,False,False,False,True,False,False,True
True,False,True,True,True,True,False,False,False,False,True
True,True,True,True,False,True,False,False,False,False,True
True,True,False,True,True,True,False,False,False,False,True
True,True,True,True,True,True,False,False,False,False,True
True,False,False,False,False,False,True,False,False,False,True
True,True,False,False,True,True,False,False,False,False,True
True,True,True,True,True,True,False,True,True,True,True
True,True,True,True,True,True,False,True,True,False,True
False,False,True,False,True,True,False,False,True,False,True
True,True,True,True,True,True,False,True,True,False,True
True,True,True,True,True,True,False,False,False,False,True
False,False,True,True,True,True,False,False,False,True,True
True,True,True,True,True,True,False,False,False,True,True
True,True,True,True,True,True,False,False,False,True,True
True,True,True,True,False,True,True,True,False,False,True
False,True,False,True,True,True,False,False,False,False,True
True,True,True,True,True,True,False,False,False,False,True
True,True,False,True,True,True,False,False,False,False,True
True,True,False,False,False,False,True,False,False,False,True
True,True,True,False,False,False,True,False,False,False,True
True,True,True,True,True,True,False,True,False,False,True
True,True,True,True,True,True,False,False,False,False,True
True,True,True,True,True,True,True,False,True,True,True
True,True,True,True,True,True,True,True,True,True,True
True,True,True,True,True,True,True,False,False,False,True
True,True,True,True,True,True,False,False,False,True,True
True,False,True,True,True,True,False,False,False,False,True
True,False,True,True,True,True,False,False,False,False,True
True,True,True,True,True,True,False,True,True,True,True
True,True,True,True,True,True,False,False,False,False,True
True,True,True,True,True,True,True,True,True,True,True
False,True,True,False,False,False,True,True,False,False,True
False,True,True,False,False,False,False,False,False,False,True
False,True,True,False,False,False,False,True,False,False,True
True,True,False,True,True,True,True,True,False,False,True
True,True,True,True,True,True,False,True,True,True,True
True,True,True,True,True,True,False,False,False,False,True
True,True,True,True,True,True,False,False,False,False,True
True,True,True,False,True,True,False,True,False,False,True
True,True,True,True,True,True,False,False,False,False,True
True,True,True,True,True,True,False,False,False,False,True
True,True,False,True,True,True,True,True,False,False,True
False,False,False,False,False,False,False,False,False,False,True
False,True,True,True,True,True,False,False,False,False,True
True,True,True,True,True,True,False,False,False,False,True
True,True,True,True,True,True,False,False,True,False,True
True,True,True,False,False,False,True,True,True,False,False
True,True,True,True,True,True,True,True,False,True,True
True,True,True,True,True,True,True,True,False,False,True
True,True,True,True,True,True,False,False,False,False,True
True,True,True,True,True,True,False,False,False,False,True
False,False,True,True,True,True,False,False,False,False,True
True,True,True,True,True,True,False,False,False,False,True
True,False,True,True,True,True,False,False,False,False,True
True,True,True,True,True,True,True,True,False,True,True
True,True,True,True,True,True,False,False,False,False,True
False,False,True,False,True,True,True,False,False,False,True
False,False,True,True,False,False,False,False,False,False,True
False,False,False,True,True,True,False,False,False,False,True
False,False,True,False,True,True,True,False,False,False,True
True,True,True,True,True,True,False,False,False,False,True
False,False,True,False,False,False,False,False,False,False,True
False,True,True,True,True,True,True,True,False,True,True
True,True,True,True,True,True,True,True,False,False,True
True,True,True,True,True,True,True,True,True,False,True
True,True,True,True,True,True,True,True,False,True,True
True,False,True,True,True,True,True,True,False,True,True
False,False,True,True,True,True,False,False,False,True,True
False,True,True,True,True,True,False,False,False,False,True
True,False,True,True,False,False,False,False,False,False,True
True,True,True,True,True,True,True,True,False,False,True
True,True,True,True,True,True,True,False,False,False,True
True,True,True,True,True,True,False,False,False,False,True
True,True,True,True,True,True,False,False,False,False,True
False,True,True,True,True,True,False,False,False,False,True
True,True,True,True,True,True,True,False,False,False,True
False,True,True,True,True,True,False,False,False,True,True
False,False,True,True,True,True,False,False,False,False,True
False,True,False,True,True,True,False,False,False,False,True
True,False,True,True,False,False,False,False,False,False,True
True,True,True,True,True,True,True,True,True,True,True
True,True,True,True,True,True,True,False,False,False,True
True,True,True,True,True,True,True,True,True,False,True
True,True,True,False,False,False,True,False,False,False,False
True,True,True,True,True,True,True,True,False,False,True
True,True,True,True,True,True,False,True,True,True,True
True,True,True,True,True,True,False,True,True,False,True
True,True,True,True,True,True,False,False,False,False,True
True,True,True,True,True,True,False,False,False,False,True
True,True,True,True,True,True,False,False,False,False,True
False,False,False,False,False,False,False,False,False,False,True
True,True,True,True,True,True,False,True,False,False,True
True,True,True,True,True,True,False,True,False,False,True
True,True,True,True,True,True,False,False,False,False,True
True,True,True,True,True,True,False,False,False,False,True
True,True,True,True,True,True,False,False,False,False,True
True,True,True,True,True,False,False,False,False,False,True
False,False,True,True,True,True,False,False,False,False,True
True,True,True,True,False,False,True,True,False,True,True
True,True,True,True,False,False,True,True,False,False,True
False,False,True,True,False,False,True,True,False,False,True
True,True,True,True,True,True,True,True,True,False,True
True,True,True,True,True,True,True,True,False,False,True
True,True,True,True,True,True,True,True,False,False,True
True,True,True,True,True,True,True,False,True,False,True
True,True,True,True,False,False,True,False,False,False,True
True,True,True,True,True,True,False,True,False,False,True
True,True,True,True,True,True,True,True,True,False,True
True,True,True,True,True,True,True,False,False,False,True
True,True,True,True,True,True,True,True,False,False,True
False,False,False,True,True,True,False,False,False,False,True
True,False,True,True,False,False,True,True,False,False,True
False,False,True,False,False,False,False,True,False,False,False
False,False,True,True,False,False,False,True,False,False,True
True,True,True,True,True,True,False,True,False,False,True
True,True,True,True,True,True,True,False,False,False,True
True,True,True,True,True,True,False,False,False,False,True
True,True,True,True,True,True,False,False,False,False,True
True,True,False,False,False,False,False,False,False,False,True
True,True,True,True,True,True,True,False,False,False,True
True,True,True,True,True,True,True,True,False,False,True
True,True,False,True,False,False,True,False,False,False,True
True,True,True,True,True,True,False,False,False,False,True
False,False,True,True,True,True,False,True,True,False,True
True,True,True,True,True,True,False,False,False,False,True
False,False,True,False,True,True,False,True,True,False,True
True,True,True,True,True,True,False,False,True,False,True
True,True,True,True,True,True,False,False,False,False,True
True,True,True,True,True,True,False,False,False,False,True
True,True,True,True,True,True,False,False,False,False,True
True,True,True,True,True,True,False,False,False,False,True
True,True,True,True,False,False,False,False,False,False,True
True,True,True,True,True,True,True,True,True,False,True
True,True,True,True,True,True,True,True,True,False,True
True,True,True,True,True,True,True,True,False,False,True
True,True,True,True,False,False,True,True,False,False,True
True,True,True,True,True,True,True,False,False,False,True
True,True,True,False,False,True,True,False,False,False,True
True,True,True,True,True,True,True,False,False,False,True
False,True,True,True,True,True,True,True,False,False,True
True,True,True,False,False,True,False,True,False,False,True
True,True,True,False,False,True,True,True,False,False,True
True,True,True,True,True,True,True,True,False,False,True
True,True,True,True,True,True,True,False,True,False,True
True,True,True,True,False,True,True,True,False,False,True
True,True,True,True,True,True,True,False,True,False,True
True,True,True,True,True,True,True,False,False,False,True
True,True,True,True,True,True,False,False,True,False,True
True,True,True,True,True,True,False,False,False,False,True
True,True,True,True,True,True,True,False,False,False,True
True,True,True,False,False,False,False,False,False,False,True
True,True,True,True,False,True,True,True,False,False,True
True,True,True,True,False,True,True,True,False,False,True
True,True,True,True,False,True,False,True,False,False,True
True,True,True,True,True,True,True,True,False,True,True
True,True,True,True,True,True,True,True,False,False,True
True,True,True,True,True,True,True,True,False,False,True
True,True,True,True,True,True,True,True,False,False,True
False,False,False,True,True,False,False,False,False,False,True
False,False,False,True,False,False,False,False,False,False,True
False,False,False,True,True,False,False,False,False,False,True
True,True,True,True,True,True,False,False,False,False,True
True,True,True,False,True,True,False,False,True,False,True
True,True,True,True,True,True,True,False,False,False,True
True,True,True,True,True,True,False,False,False,False,True
True,True,True,True,True,True,False,False,False,False,True
True,True,True,False,False,True,False,False,False,False,True
True,False,False,False,False,True,False,False,False,False,True
True,True,True,True,True,True,True,True,False,False,True
False,True,True,False,False,False,True,True,False,False,True
True,True,True,True,True,True,False,False,False,False,True
False,True,True,True,True,True,True,False,False,False,True
True,True,True,True,True,True,True,True,False,False,True
True,True,True,True,True,True,True,True,True,False,True
True,True,True,True,True,True,True,True,True,False,True
True,True,True,True,True,True,True,True,False,False,True
True,True,True,True,True,True,False,True,False,False,True
False,True,True,True,True,True,True,True,False,True,True
True,True,True,True,True,True,True,False,True,True,True
False,False,False,True,False,True,False,False,False,True,True
True,True,True,False,False,True,True,False,False,False,True
True,True,True,True,True,True,True,True,True,False,True
True,True,True,True,True,True,True,True,False,False,True
True,True,True,False,False,False,True,True,False,False,True
True,True,True,True,True,True,True,False,True,False,True
True,True,True,True,True,True,True,True,False,False,True
True,False,True,True,True,True,False,False,False,False,True
True,False,False,True,False,False,True,False,False,False,True
True,True,True,True,True,True,True,True,False,False,True
True,True,True,True,True,True,True,True,False,False,True
True,True,True,True,True,True,False,False,False,False,True
True,True,True,True,True,True,True,False,False,False,True
True,True,True,True,True,True,True,False,True,False,True
True,False,True,True,False,False,True,False,False,False,True
True,True,True,True,False,False,True,False,False,False,True
True,True,True,True,True,True,True,True,False,True,True
True,True,False,True,True,True,True,True,False,False,True
True,True,True,True,True,True,True,True,False,False,True
True,True,True,True,True,True,False,False,False,False,True
True,True,True,True,True,True,True,False,False,True,True
True,True,True,True,False,False,False,False,False,True,True
False,True,True,True,True,True,True,False,False,True,True
True,True,True,True,True,True,True,False,False,False,True
True,False,False,True,True,True,False,False,False,False,True
True,True,True,True,True,True,True,False,False,False,True
True,True,True,True,True,True,False,False,False,False,True
True,True,True,True,True,True,False,False,False,False,True
True,True,True,True,True,True,False,False,False,False,True
False,True,True,True,True,True,False,False,False,False,True
True,True,True,True,True,True,False,False,False,False,True
True,True,True,True,True,True,False,False,False,False,True
False,False,True,True,True,True,False,False,False,False,True
False,True,True,True,True,True,True,True,True,False,True
True,True,True,True,True,True,False,False,False,False,True
False,False,False,True,True,True,False,False,False,False,True
True,True,True,True,True,True,True,True,False,False,True
True,True,True,True,True,True,True,False,False,False,True
True,True,True,True,True,True,True,False,False,False,True
True,True,True,True,True,True,True,True,False,False,True
True,True,True,True,True,True,True,False,False,False,True
True,True,False,True,True,True,True,True,False,False,True
False,True,True,True,True,True,False,False,False,True,True
False,True,False,True,True,True,False,False,False,False,True
True,False,False,True,False,False,False,False,False,False,True
False,False,True,True,True,True,False,False,False,False,True
True,True,True,True,True,True,False,False,True,False,True
True,True,True,True,True,True,False,False,False,False,True
True,True,True,True,True,True,False,False,False,False,True
True,True,True,True,True,True,False,False,False,False,True
True,True,True,True,True,True,True,True,False,False,True
True,True,True,True,True,True,True,True,False,False,True
True,True,True,True,True,True,True,False,False,False,True
True,True,True,True,True,True,True,False,False,False,True
True,True,True,True,True,True,True,True,False,False,True
True,True,True,True,True,True,False,False,False,False,True
True,True,True,True,True,True,False,False,False,False,True
False,True,True,True,True,True,False,False,False,False,True
True,True,False,True,True,True,False,True,False,False,True
True,True,False,True,True,True,True,True,False,False,True
True,True,True,True,True,True,False,False,False,False,True
True,False,True,True,True,True,False,False,False,False,True
True,True,True,True,True,True,True,True,False,False,True
True,True,True,True,True,True,False,True,False,False,True
True,True,True,False,True,True,False,False,False,False,True
True,True,True,False,False,False,True,False,False,False,True
False,False,True,False,True,True,True,False,False,False,True
True,True,True,True,True,True,True,True,False,False,True
True,True,True,True,True,True,True,True,True,False,True
True,False,False,True,False,False,False,False,False,False,True
True,True,True,True,True,True,False,False,False,False,True
False,True,True,True,True,True,False,False,False,False,True
True,True,True,True,True,True,False,False,False,False,True
False,False,True,True,False,False,False,False,False,False,True
True,True,True,True,True,True,False,False,False,False,True
True,True,True,True,True,True,False,False,False,False,True
False,False,False,False,False,False,False,False,False,False,True
False,False,False,True,False,False,False,True,False,False,True
True,True,True,True,True,True,True,True,True,True,True
True,True,True,True,True,True,False,False,False,False,True
True,True,True,True,True,True,True,True,True,False,True
True,True,True,True,True,True,False,False,True,False,True
False,False,True,True,True,True,False,False,False,False,True
False,False,True,True,True,True,False,False,False,False,True
True,True,True,True,True,True,True,True,False,False,True
True,True,True,True,True,True,False,True,False,False,True
True,True,True,False,False,False,False,True,False,False,True
True,True,True,True,False,False,False,False,False,False,True
True,True,True,True,True,True,True,True,False,False,True
True,True,True,True,True,True,False,False,False,False,True
True,False,True,True,True,True,False,True,True,False,True
True,False,True,True,True,True,False,False,False,False,True
True,False,True,True,True,True,False,False,True,False,True
False,False,True,False,True,True,True,False,True,False,True
False,True,True,True,True,True,True,False,True,False,True
False,False,True,True,True,False,True,False,False,False,True
False,False,True,False,False,False,True,False,False,False,True
True,False,True,True,False,True,False,False,False,False,True
True,True,True,True,True,True,True,True,False,True,True
True,True,True,True,True,True,False,True,False,False,True
True,True,True,True,False,False,False,False,False,False,True
True,True,True,True,True,True,False,False,False,False,True
True,True,True,True,True,True,False,False,False,False,True
True,True,True,True,True,False,False,False,False,False,True
True,True,True,True,True,True,False,False,False,True,True
True,True,True,True,True,True,False,False,False,True,True
False,False,True,True,True,True,False,False,False,False,True
True,False,True,True,True,True,False,False,False,False,True
True,True,True,True,False,True,False,False,False,False,True
True,True,True,True,True,True,True,True,False,False,True
True,True,True,True,True,True,False,True,True,False,True
True,True,True,True,True,True,True,True,True,False,True
True,True,True,True,True,True,True,True,False,False,True
True,True,True,True,True,True,False,False,False,False,True
True,True,True,True,True,True,True,False,False,True,True
True,True,True,True,True,True,False,False,False,False,True
True,True,False,True,True,True,False,True,False,False,True
True,True,True,True,True,True,False,False,False,False,True
True,True,True,True,True,True,False,False,False,False,True
True,True,False,True,True,True,False,True,False,False,True
True,True,True,True,True,True,False,False,False,False,True
True,False,True,True,False,False,True,False,False,False,True
True,True,True,True,True,True,True,False,False,False,True
True,True,True,True,True,True,False,False,False,False,True
True,True,True,True,True,True,True,True,True,False,True
True,True,True,True,True,True,True,True,True,False,True
True,True,False,False,False,False,False,True,False,False,True
True,True,True,True,True,True,True,True,False,False,True
True,True,True,True,True,True,False,False,False,False,True
True,True,True,True,True,False,False,False,False,False,True
True,True,True,True,True,True,True,True,False,False,True
True,True,True,True,True,True,True,True,False,False,True
True,True,True,True,True,True,True,True,True,False,True
True,True,True,True,True,True,True,True,True,False,True
True,True,False,False,False,False,False,False,False,False,True
True,True,True,True,True,True,False,False,False,True,True
False,False,True,True,False,False,False,False,False,False,True
True,True,True,True,True,True,False,False,False,False,True
True,True,True,True,True,True,False,False,True,False,True
True,True,True,True,True,True,True,True,True,False,True
False,False,True,True,True,True,False,False,False,False,True
False,True,True,True,True,True,False,True,False,False,True
True,True,True,True,False,False,True,True,True,True,True
True,True,True,True,True,True,True,True,True,True,True
True,True,True,True,True,True,True,True,False,False,True
False,True,True,True,True,True,True,False,False,False,True
True,True,True,True,True,True,True,True,False,False,True
True,True,True,True,True,True,True,True,False,False,True
True,True,True,True,True,True,True,False,False,False,True
True,True,True,False,True,True,True,True,False,False,True
True,True,True,True,True,True,True,True,False,False,True
False,True,True,True,True,True,True,True,False,False,True
False,True,False,True,True,True,False,True,False,False,True
True,True,True,True,True,True,True,True,False,True,True
True,True,True,True,True,True,True,True,False,False,True
True,True,True,True,True,True,True,True,False,True,True
True,True,True,True,True,True,True,True,False,False,True
True,True,True,True,True,True,True,True,False,False,True
True,True,True,True,True,True,True,True,False,False,True
True,True,True,True,True,True,True,True,True,True,True
True,True,True,True,True,True,True,True,True,True,True
True,True,True,True,True,True,False,False,False,False,True
False,False,True,True,True,True,True,False,False,False,True
True,True,True,True,True,True,False,True,False,False,True
True,True,True,True,True,True,False,False,True,False,True
True,True,True,True,True,True,False,False,True,False,True
True,False,True,True,False,False,False,False,False,False,True
True,True,True,True,True,True,False,False,True,False,True
True,True,True,True,True,True,False,False,True,False,True
True,False,True,True,True,True,False,True,True,False,True
False,False,True,True,False,True,False,True,True,False,True
True,True,True,True,True,True,False,True,False,False,True
True,True,False,True,True,True,False,False,False,False,True
False,True,True,True,True,True,False,False,False,False,True
True,True,True,True,True,True,True,True,False,False,True
True,True,True,True,True,True,True,True,True,False,True
False,False,False,False,False,False,False,False,False,False,True
False,False,True,False,False,False,False,False,False,False,True
True,True,True,True,True,True,False,True,True,False,True
True,True,True,True,True,True,False,True,True,False,True
True,False,True,True,False,False,False,False,False,False,True
True,True,True,True,True,True,False,False,False,False,True
False,False,True,True,False,True,False,False,False,False,True
False,False,True,True,True,True,False,False,False,False,True
True,True,True,True,True,True,False,False,False,False,True
True,True,True,True,True,True,False,False,True,False,True
False,True,True,False,True,True,False,False,False,False,True
True,False,False,True,True,True,False,False,False,False,True
False,False,True,True,True,False,False,False,True,False,True
False,False,True,True,True,True,False,False,True,False,True
True,False,True,True,True,True,True,False,False,False,True
True,True,True,True,True,True,False,False,False,False,True
True,True,True,True,True,True,True,True,False,True,True
True,True,True,True,True,True,False,False,False,False,True
True,True,True,True,True,True,False,True,False,False,True
True,True,True,True,True,True,False,False,False,False,True
True,False,False,True,False,False,False,True,False,False,True
False,False,True,True,True,True,False,False,False,False,True
False,False,True,True,True,False,False,False,False,False,True
False,False,True,True,True,True,False,False,False,False,True
False,False,True,True,False,False,False,False,False,True,True
True,True,True,True,True,True,False,False,True,False,True
True,True,True,True,True,True,False,False,False,False,True
True,False,True,False,True,False,True,False,True,False,True
True,True,True,True,True,True,True,True,False,False,True
True,True,True,True,True,True,True,True,False,True,True
False,True,True,True,True,True,False,True,False,False,True
False,False,True,True,False,False,False,False,False,False,True
False,False,True,True,False,True,False,False,False,False,True
True,True,True,True,True,True,False,False,False,False,True
True,True,True,True,True,True,True,True,False,True,True
False,False,True,True,False,False,False,True,False,False,True
True,True,True,True,True,True,True,True,True,False,True
True,True,True,True,True,True,True,True,True,False,True
False,False,True,True,False,False,False,False,False,False,True
True,True,True,True,True,True,True,True,False,False,True
True,True,True,True,True,True,True,True,False,False,True
True,True,True,True,True,True,False,True,False,False,True
True,True,True,True,True,True,True,True,False,True,True
True,True,True,True,True,True,True,True,True,True,True
True,True,True,True,True,True,False,False,False,False,True
True,True,True,True,True,True,True,True,True,False,True
True,True,True,True,True,True,True,True,True,True,True
False,True,True,True,True,True,False,False,False,False,True
False,True,True,True,True,True,False,True,False,False,True
True,True,True,True,True,True,False,False,False,False,True
True,True,True,True,True,True,True,True,False,False,True
True,True,True,True,True,True,True,True,False,True,True
True,True,False,True,False,False,True,True,False,True,True
True,True,False,True,False,True,False,False,False,True,True
False,False,False,True,False,False,False,False,False,False,True
True,True,True,True,True,True,True,True,False,False,True
True,True,True,True,True,True,True,True,True,False,True
True,True,True,True,True,True,False,False,False,False,True
True,True,True,True,True,True,True,True,True,False,True
True,True,True,True,True,True,True,True,False,False,True
True,True,True,True,True,True,False,False,False,False,True
True,True,True,True,True,True,True,True,True,False,True
True,True,True,True,True,True,False,False,False,False,True
True,True,True,True,True,True,True,False,False,False,True
True,True,True,True,True,True,True,False,True,False,True
True,True,True,True,True,True,True,False,False,False,True
True,True,True,True,True,True,False,True,False,False,True
True,True,True,True,True,True,False,True,False,False,True
True,True,True,True,True,True,True,False,False,True,True
True,True,True,True,True,True,True,False,False,True,True
True,True,True,True,True,True,True,False,False,True,True
True,True,True,True,True,True,True,False,False,True,True
True,True,True,True,True,True,True,True,False,False,True
True,True,True,True,True,True,True,True,False,True,True
True,True,True,True,True,True,True,False,False,True,True
True,False,True,True,True,False,True,True,False,False,True
True,True,True,True,True,True,True,False,False,False,True
True,True,True,True,True,True,True,False,True,False,True
True,True,True,True,False,False,False,True,False,False,True
True,True,True,True,True,True,True,False,False,True,True
True,True,True,True,True,True,True,False,False,True,True
True,True,True,True,True,True,True,True,True,True,True
True,True,True,True,True,True,True,True,True,True,True
True,True,True,True,True,True,False,False,True,True,True
True,True,True,True,True,True,False,False,False,False,True
True,True,True,True,True,True,True,False,False,True,True
True,True,True,True,True,True,True,True,False,False,True
True,True,True,True,True,True,False,True,False,True,True
True,True,True,True,False,False,False,True,False,False,True
True,True,True,True,False,False,True,True,False,False,True
True,False,True,True,True,True,False,False,False,False,True
True,True,True,True,True,True,False,False,False,False,True
False,False,False,False,True,True,False,False,False,False,True
True,True,True,True,True,True,False,False,False,True,True
True,True,True,True,True,True,False,False,False,False,True
True,True,True,True,True,True,False,False,False,False,True
True,True,True,True,True,True,False,False,False,False,True
False,False,True,False,False,False,True,False,False,False,True
True,True,True,True,True,True,False,False,False,False,True
True,True,True,True,True,True,False,False,False,False,True
True,True,True,True,True,True,False,False,False,False,True
False,True,True,True,True,True,False,False,False,False,True
True,True,True,True,True,True,False,False,False,True,True
False,False,True,True,True,False,True,False,False,False,True
True,True,True,True,True,True,True,True,True,False,True
True,False,True,True,True,True,True,False,False,False,True
True,True,False,False,False,False,True,True,False,False,True
True,True,True,True,True,True,True,True,False,False,True
True,True,True,True,True,False,True,True,False,False,True
True,True,True,True,True,True,True,True,False,False,True
True,False,True,True,True,True,True,True,False,False,True
True,True,True,True,False,False,True,True,False,False,True
True,True,True,True,True,True,True,True,False,False,True
True,False,False,True,False,True,False,True,False,False,True
False,True,False,False,True,True,True,True,False,False,True
False,False,True,True,False,False,False,True,False,True,True
False,False,True,True,False,False,False,False,False,False,True
True,True,True,True,True,True,False,False,True,False,True
True,True,True,True,True,True,False,True,True,True,True
True,True,True,True,True,True,False,False,True,False,True
True,False,True,True,True,True,True,True,True,False,True
False,True,True,True,True,True,True,True,True,False,True
True,True,True,True,True,True,True,False,True,False,True
True,True,True,True,True,True,False,True,True,False,True
True,False,True,False,False,False,True,False,False,False,True
True,True,True,True,True,True,True,True,False,False,True
True,True,True,True,True,True,True,True,False,False,True
True,True,True,True,True,True,True,True,False,False,True
True,True,True,True,True,True,True,True,False,True,True
False,True,True,True,True,True,True,True,False,True,True
False,True,True,True,True,True,True,False,True,False,True
True,True,True,True,True,True,True,True,False,False,True
False,True,True,True,True,True,True,True,False,False,True
True,True,True,True,True,True,False,False,False,False,True
True,True,True,False,False,True,True,True,False,False,True
True,False,True,True,False,False,False,False,False,False,True
True,True,False,False,False,True,False,True,False,False,True
True,True,True,True,True,True,False,False,True,False,True
True,True,True,True,True,True,True,True,False,False,True
True,True,True,True,True,True,True,True,False,False,True
True,True,True,False,True,True,False,False,False,False,True
True,True,True,True,True,True,False,False,True,False,True
True,True,True,True,True,True,False,False,False,False,True
True,True,True,True,True,True,False,False,False,False,True
True,False,True,False,True,True,False,False,False,False,True
True,False,True,True,True,True,True,True,True,False,True
True,False,True,True,True,True,True,True,False,False,True
True,True,False,True,False,False,False,True,False,False,True
False,False,True,True,True,True,False,False,False,False,True
True,True,True,True,True,True,False,False,False,False,True
True,True,True,True,False,True,True,True,False,False,True
True,True,True,True,False,True,True,True,False,False,True
True,True,True,False,False,False,False,False,False,False,True
True,True,False,False,False,True,False,True,False,False,True
True,True,False,True,True,True,True,True,False,False,True
True,True,False,True,True,True,False,True,False,False,True
True,True,True,True,True,True,False,True,True,False,True
True,False,True,True,False,True,True,True,False,False,True
True,True,True,True,True,True,True,True,False,False,True
False,False,True,False,False,False,False,False,False,False,True
False,True,True,False,True,True,False,False,False,False,True
False,False,True,True,False,False,False,False,False,False,True
True,False,False,True,False,False,False,False,False,True,True
True,True,True,True,True,True,False,False,True,False,True
True,True,True,True,True,True,False,True,True,False,True
True,True,True,True,True,True,False,True,True,False,True
True,True,True,True,True,True,False,True,True,False,True
True,True,True,True,True,True,False,True,True,False,True
True,False,True,True,True,True,False,True,False,False,True
False,False,True,True,True,True,False,True,False,False,True
True,True,True,True,True,True,False,True,False,False,True
True,True,False,True,True,True,False,False,False,False,True
True,False,True,True,True,True,False,False,False,False,True
False,False,True,True,True,True,False,False,False,False,True
False,False,False,True,True,False,False,False,False,False,True
True,True,True,True,True,True,True,False,True,False,True
True,True,True,True,True,True,False,False,False,False,True
True,True,True,True,True,True,False,False,False,False,True
True,True,False,True,True,True,True,True,False,False,True
True,True,True,True,True,True,True,True,True,False,True
True,True,True,True,True,True,False,False,False,False,True
False,False,True,True,True,True,False,False,False,True,True
False,True,False,True,True,True,False,False,False,False,True
True,False,True,True,True,True,False,False,False,False,True
True,True,True,False,False,False,False,True,False,False,True
False,True,True,True,True,True,True,True,False,False,True
True,True,False,False,False,False,False,False,True,False,True
True,True,False,False,True,True,False,True,False,False,True
True,True,True,True,True,True,True,True,True,True,True
True,True,True,True,True,True,True,True,True,True,True
True,True,True,True,True,True,True,True,True,True,True
True,True,True,True,True,True,True,True,True,True,True
True,True,True,True,True,True,False,True,False,False,True
True,True,True,True,True,True,True,True,True,True,True
True,True,True,True,True,True,False,True,True,True,True
True,True,True,True,True,True,True,True,True,True,True
True,False,True,True,True,True,False,False,True,True,True
True,True,True,True,True,True,False,False,False,True,True
True,True,True,True,True,True,True,True,True,False,True
True,True,True,True,True,True,True,True,True,True,True
True,True,True,True,True,True,True,True,False,False,True
True,True,True,True,True,True,False,False,False,True,True
True,True,True,True,True,True,True,True,False,True,True
True,True,True,True,True,True,False,False,False,True,True
True,True,True,True,True,True,False,False,False,True,True
True,True,True,True,True,True,True,False,False,True,True
True,True,True,True,True,True,True,True,False,True,True
True,True,True,True,True,True,True,True,False,False,True
True,True,True,True,True,True,True,True,True,True,True
True,True,True,True,True,True,True,False,False,False,True
True,True,True,True,True,True,True,True,False,False,True
True,True,True,True,True,True,True,True,False,False,True
True,True,True,False,False,False,False,False,False,False,True
True,True,True,True,True,True,True,True,False,False,True
True,True,True,True,True,True,True,True,False,True,True
True,True,True,False,False,True,False,False,False,False,True
True,True,True,True,True,True,True,True,True,True,True
True,True,True,True,True,True,True,True,True,True,True
True,True,True,True,True,True,True,True,True,True,True
True,True,True,True,True,True,False,False,False,True,True
True,True,True,True,True,True,False,False,False,True,True
True,True,True,True,True,True,True,True,False,False,True
True,True,True,True,True,True,True,True,False,False,True
True,True,True,True,True,True,False,True,False,False,True
True,True,True,True,True,True,False,False,False,False,True
True,True,True,True,True,True,False,False,False,False,True
True,True,True,True,True,True,True,False,False,True,True
False,False,True,True,False,False,False,False,False,False,True
True,True,True,True,False,True,False,True,False,True,True
True,True,True,True,True,True,True,True,False,True,True
True,True,True,True,True,True,True,True,False,True,True
True,True,False,False,False,True,True,True,False,False,True
True,True,True,True,True,True,True,True,False,False,True
True,True,True,True,True,True,True,True,False,False,True
True,True,True,True,True,True,True,True,False,False,True
True,True,True,True,True,True,False,False,False,False,True
True,True,True,True,True,True,False,False,False,False,True
True,True,True,False,False,True,False,True,False,False,True
True,True,True,True,True,True,True,False,False,False,True
True,True,True,True,True,True,True,True,False,True,True
True,True,True,True,True,True,True,True,False,True,True
True,True,True,True,True,True,True,True,False,True,True
True,True,True,True,True,True,True,True,False,True,True
True,True,True,True,True,True,True,True,True,True,True
True,True,True,True,True,True,True,True,True,True,True
True,True,True,True,True,True,True,True,False,False,True
False,True,True,True,True,True,True,True,False,True,True
False,False,True,True,True,True,True,True,False,False,True
True,True,True,True,True,True,True,True,True,False,True
True,True,True,True,True,True,True,True,True,True,True
True,True,True,True,True,True,True,True,False,True,True
True,True,True,True,True,True,True,True,False,True,True
True,True,True,True,True,True,True,True,False,True,True
True,True,True,False,False,True,True,True,False,False,True
True,True,True,True,True,True,True,True,True,True,True
True,True,True,True,True,True,True,True,True,True,True
True,True,True,True,True,True,True,True,False,True,True
True,True,True,True,True,True,True,True,False,False,True
True,True,True,True,True,True,True,True,False,True,True
True,True,True,True,True,True,True,True,False,True,True
True,True,False,True,True,True,True,True,False,False,True
True,False,True,False,False,False,False,True,False,False,True
True,False,False,False,False,False,True,True,False,False,True
False,False,True,True,True,True,True,True,False,False,True
True,False,False,True,True,True,False,False,False,True,True
False,False,True,False,True,True,False,False,False,False,True
False,False,True,False,False,False,False,False,False,False,True
True,True,True,True,True,True,True,True,False,False,True
True,True,True,True,True,True,False,False,False,False,True
True,True,True,True,True,True,True,True,True,True,True
True,True,True,True,True,True,False,False,True,True,True
False,True,True,True,True,True,True,True,True,False,True
True,True,True,False,False,False,True,False,False,False,True
True,True,False,False,False,False,False,True,False,False,True
True,False,True,True,False,True,False,False,False,False,True
True,True,True,False,False,False,False,True,False,False,False
True,True,True,True,True,True,True,True,False,False,True
True,True,True,True,True,True,False,False,False,False,True
True,True,False,False,False,False,False,False,False,False,True
True,True,False,False,False,False,False,True,False,False,True
True,True,True,True,False,True,True,True,False,False,True
True,False,True,False,False,True,True,False,False,False,True
False,False,False,False,False,True,False,False,False,False,True
False,False,True,True,True,True,True,True,False,False,True
False,False,True,True,True,True,True,True,False,False,True
True,False,True,True,True,False,False,False,False,False,True
True,True,True,True,True,True,False,True,False,True,True
True,True,True,True,True,True,False,False,True,False,True
True,True,True,True,True,True,True,True,True,False,True
True,True,True,True,True,True,False,False,False,True,True
True,True,True,True,True,True,True,False,False,True,True
False,False,True,True,True,True,True,True,False,True,True
False,False,True,True,True,True,False,True,False,True,True
False,False,False,True,True,True,False,False,False,True,True
False,False,True,True,True,True,False,True,False,True,True
False,False,True,True,True,True,False,False,False,True,True
False,False,True,True,True,True,False,False,False,True,True
False,False,False,True,False,False,False,False,False,True,True
False,False,True,True,True,True,False,True,False,True,True
True,False,True,True,True,True,False,False,False,True,True
True,False,True,True,True,True,False,False,False,True,True
True,False,True,True,True,True,False,False,False,True,True
True,True,True,True,True,True,False,True,False,True,True
True,True,True,True,True,True,True,True,False,False,True
True,True,True,True,True,True,False,True,False,True,True
True,True,False,True,True,True,False,True,False,True,True
True,True,True,True,True,True,True,True,False,True,True
True,True,True,True,True,True,True,True,False,False,True
True,True,True,True,True,True,True,True,False,False,True
True,True,True,True,True,True,True,True,True,False,True
True,True,True,True,True,True,True,True,False,True,True
False,False,False,True,False,False,False,False,False,False,True
True,True,True,True,True,True,True,True,True,True,True
True,True,True,True,True,True,False,False,True,True,True
True,True,True,True,True,True,False,False,True,False,True
True,True,True,True,True,True,True,True,True,True,True
True,True,True,True,True,True,True,True,True,False,True
True,True,True,True,True,True,False,False,False,True,True
True,True,True,True,True,True,False,True,False,True,True
True,True,True,True,True,True,True,True,True,False,True
True,True,True,True,True,True,True,True,False,False,True
True,True,True,True,True,True,False,False,True,False,True
True,False,True,True,True,True,False,False,True,False,True
True,True,True,True,True,True,False,False,True,False,True
True,True,True,True,True,True,True,True,True,False,True
True,False,True,False,False,True,False,False,True,False,True
True,False,False,True,True,True,False,False,False,False,True
False,False,False,True,True,True,False,False,False,False,True
True,True,True,True,True,True,True,True,True,True,True
True,True,True,True,True,True,True,True,True,True,True
True,True,True,True,True,True,False,False,True,True,True
True,True,True,True,True,True,True,True,False,True,True
True,True,False,False,False,False,False,False,False,False,True
True,True,True,True,True,True,False,False,False,False,True
False,True,True,True,True,True,False,False,False,False,True
True,True,True,False,True,True,False,False,False,False,True
True,True,True,True,True,True,True,True,False,False,True
False,True,True,True,True,True,True,True,False,False,True
True,True,True,True,True,True,False,False,True,True,True
True,True,True,True,True,True,True,True,False,True,True
True,True,True,True,True,True,False,False,True,True,True
True,False,True,False,True,True,False,False,False,True,True
True,True,True,True,True,True,True,True,False,True,True
False,False,False,True,True,False,False,False,False,False,True
False,False,False,False,True,True,False,False,False,False,True
True,True,True,True,True,True,True,True,False,True,True
True,True,True,True,True,True,True,True,False,True,True
True,True,True,True,True,True,True,True,False,False,True
True,False,False,True,False,False,False,True,False,False,True
True,False,False,False,False,True,False,False,False,False,True
True,True,True,True,True,True,True,True,True,True,True
True,True,True,True,True,True,True,True,True,True,True
True,True,True,True,True,True,False,False,False,True,True
True,True,True,True,True,True,True,True,True,False,True
True,True,True,True,True,True,True,True,True,False,True
True,True,True,True,True,True,False,False,False,False,True
True,True,True,True,True,True,True,True,True,True,True
True,True,True,True,True,True,True,True,True,True,True
True,True,True,True,True,True,True,True,False,True,True
True,True,False,True,True,True,False,True,False,True,True
True,True,True,True,True,True,True,True,False,False,True
True,True,True,True,True,True,True,True,False,False,True
True,True,True,True,True,True,True,True,True,True,True
True,True,True,True,True,True,True,True,False,False,True
True,True,False,False,False,True,False,True,False,False,True
True,True,True,True,True,True,True,True,False,True,True
True,True,True,True,True,True,True,True,True,True,True
True,True,True,True,True,True,True,True,False,True,True
True,True,True,True,True,True,True,True,False,True,True
True,True,True,True,True,True,True,True,True,True,True
True,True,True,True,True,True,True,True,True,True,True
True,True,True,True,True,True,False,True,False,False,True
True,True,True,True,True,True,True,True,True,True,True
True,True,True,True,True,True,True,True,False,False,True
True,True,True,True,True,True,True,True,False,True,True
True,True,True,True,True,True,True,True,False,False,True
True,True,True,True,True,True,True,True,False,False,True
True,True,True,True,True,True,False,True,True,True,True
False,True,True,True,True,True,True,True,True,False,True
False,False,True,False,True,True,True,True,False,False,True
True,True,True,True,True,True,True,True,False,False,True
True,True,True,True,True,True,True,True,False,False,True
True,True,True,True,True,True,True,True,False,False,True
True,True,True,True,True,True,True,True,False,False,True
False,True,True,True,True,True,True,True,False,False,True
True,True,True,True,True,True,True,True,False,False,True
True,True,True,True,True,True,False,True,False,True,True
True,True,True,True,True,True,True,True,False,False,True
True,True,True,True,True,True,True,True,False,False,True
True,True,True,True,True,True,True,True,False,False,True
True,True,True,True,True,True,False,False,False,False,True
False,True,False,False,False,False,False,False,False,False,True
True,True,True,True,True,True,True,True,False,True,True
True,True,True,True,True,True,False,False,False,True,True
True,True,True,True,True,True,False,False,False,False,True
True,True,True,True,False,False,True,True,False,False,True
True,True,True,True,True,True,True,True,False,True,True
True,True,True,True,True,True,True,True,True,False,True
True,True,True,True,True,True,True,True,True,True,True
True,True,True,True,True,True,False,False,False,True,True
True,True,True,True,True,True,True,True,False,True,True
True,True,True,True,True,True,True,True,True,False,True
True,True,True,True,True,True,False,False,False,False,True
False,False,True,False,True,True,False,False,False,False,True
True,False,False,False,False,False,True,True,False,False,True
True,False,False,False,False,False,True,True,False,False,True
True,True,False,False,False,True,True,True,False,False,True
True,True,False,False,False,False,False,False,False,False,True
True,False,True,False,False,True,True,False,False,False,True
True,False,False,False,False,False,True,True,False,False,True
True,False,True,False,False,False,True,True,False,False,True
True,False,True,True,False,True,True,True,False,False,True
True,False,False,True,True,True,False,True,False,False,True
True,True,True,True,False,False,False,True,True,False,True
True,True,True,True,True,True,True,True,False,True,True
False,True,True,True,True,False,False,False,True,False,True
True,True,True,True,True,True,True,True,True,True,True
True,True,True,True,True,True,True,True,False,True,True
True,True,True,True,True,True,True,True,False,True,True
True,True,True,True,True,True,True,True,False,True,True
True,True,True,True,True,True,True,True,True,False,True
True,True,True,True,True,True,False,False,True,False,True
True,True,True,True,True,True,False,False,True,False,True
True,True,True,True,True,False,False,False,False,False,True
True,True,True,True,True,True,True,True,True,True,True
True,True,True,True,True,True,True,True,True,True,True
True,True,True,True,True,True,True,True,True,True,True
True,True,True,True,True,True,True,True,True,True,True
True,True,True,True,True,True,True,True,True,True,True
True,False,True,True,True,True,False,False,True,True,True
True,True,True,True,True,True,True,True,True,False,True
True,True,True,True,True,True,False,False,False,True,True
True,True,True,True,True,True,False,False,False,False,True
True,False,True,True,True,True,True,True,False,False,True
True,True,True,True,True,True,True,True,False,False,True
True,True,True,True,True,True,False,False,False,False,True
True,True,True,True,True,True,True,True,False,False,True
False,False,True,True,True,True,False,False,False,False,True
True,True,True,True,True,True,True,True,False,False,True
False,False,True,True,True,False,False,False,False,False,True
True,True,True,True,True,True,False,True,False,False,True
True,True,True,True,True,True,False,False,False,False,True
True,True,True,True,False,False,False,False,False,False,True
True,True,True,True,True,True,False,False,False,False,True
True,True,True,True,False,True,False,False,False,False,True
True,True,False,False,False,True,False,False,False,False,True
True,True,True,True,True,True,True,True,True,True,True
False,False,True,False,True,True,False,False,True,False,True
True,True,True,True,True,True,False,False,False,False,True
True,True,True,True,True,True,True,True,False,False,True
True,False,False,True,True,True,True,True,False,False,True
True,True,True,True,True,True,True,False,False,False,True
True,True,True,True,True,True,False,True,False,False,True
True,True,True,True,True,True,True,True,False,False,True
True,True,True,True,True,True,False,False,True,True,True
True,True,True,True,True,True,False,True,False,False,True
True,True,True,True,True,True,True,True,False,True,True
True,True,True,True,True,True,True,True,False,True,True
True,True,True,True,True,True,True,True,False,True,True
True,True,True,True,True,True,True,True,False,False,True
True,True,False,True,True,True,True,True,False,False,True
True,True,False,False,False,False,True,True,False,False,False
True,True,True,True,True,True,True,False,True,False,True
False,True,True,True,True,True,True,False,False,True,True
True,True,True,True,True,True,False,False,True,True,True
False,False,True,False,False,True,False,False,True,False,True
False,False,True,True,True,True,False,True,False,False,True
False,False,True,False,False,False,False,True,False,False,True
True,True,True,True,True,True,True,False,False,True,True
True,False,True,False,True,True,True,False,False,False,True
True,False,True,False,False,False,False,False,False,False,True
True,True,True,False,False,True,False,False,False,False,True
True,True,True,True,True,True,True,False,False,False,True
True,True,True,True,True,True,False,False,False,False,True
False,False,True,True,True,True,False,False,False,False,True
True,True,False,False,True,True,False,True,False,False,True
True,True,True,False,False,False,False,True,False,False,True
True,True,False,False,False,True,False,True,False,False,True
True,True,False,False,False,True,False,True,False,False,True
True,False,False,True,True,True,False,True,False,False,True
True,True,True,True,True,True,True,True,False,False,True
True,True,True,True,True,True,True,True,False,False,True
True,True,True,True,True,True,True,True,True,False,True
True,True,True,True,True,True,False,False,False,False,True
True,True,True,True,True,True,False,False,False,False,True
True,True,True,True,True,True,False,True,False,False,True
False,False,True,True,True,True,True,False,False,True,True
True,True,True,True,False,False,True,True,False,False,True
True,True,True,False,False,True,True,True,False,False,True
True,True,True,True,True,True,True,True,False,False,True
True,False,True,True,True,True,False,False,False,False,True
True,True,True,True,True,True,False,False,False,False,True
True,True,False,False,False,False,False,True,False,False,True
False,True,True,True,True,True,False,False,False,False,True
True,True,False,True,True,True,False,False,False,True,True
True,True,True,True,True,True,True,True,False,False,True
True,True,True,True,True,True,True,True,False,True,True
True,False,False,True,True,True,True,True,False,False,True
False,True,False,True,True,True,False,False,False,False,True
True,True,True,True,True,True,True,True,False,False,True
True,True,True,True,True,True,False,False,False,False,True
True,True,True,True,True,True,False,False,False,False,True
True,True,True,True,True,True,False,False,False,False,True
True,True,True,True,True,True,False,False,False,False,True
True,True,True,True,True,True,False,False,False,False,True
True,True,True,True,True,True,False,False,False,False,True
False,False,True,False,False,False,False,False,False,False,False
True,True,True,True,True,True,True,True,False,False,True
True,False,True,True,True,True,False,False,False,False,True
True,True,True,True,True,True,False,True,True,False,True
False,False,True,True,True,True,False,False,False,False,True
True,False,True,True,True,True,False,False,False,False,True
True,True,True,True,True,True,False,False,False,False,True
False,False,True,True,True,True,False,False,False,False,True
True,True,True,True,True,True,False,False,True,True,True
True,True,True,True,True,True,False,False,False,False,True
True,True,True,True,True,True,False,False,True,False,True
True,True,True,True,True,True,False,False,False,False,True
True,True,True,True,True,True,False,False,False,False,True
True,False,True,True,True,False,False,False,False,False,True
True,True,True,True,True,True,False,True,False,False,True
True,True,True,True,True,True,False,False,False,False,True
True,True,True,True,True,True,False,False,False,False,True
True,True,True,True,True,True,False,True,False,False,True
True,True,True,True,True,True,False,True,True,False,True
True,True,True,True,True,True,False,False,False,False,True
True,False,True,True,True,True,False,False,False,False,True
True,True,True,True,True,True,False,False,False,False,True
True,True,True,True,True,True,False,False,False,False,True
True,True,True,True,True,True,False,False,False,False,True
True,False,True,True,True,True,False,False,False,False,True
True,True,True,True,True,True,False,False,True,False,True
True,True,True,True,True,True,False,False,False,False,True
True,False,False,True,False,True,False,False,False,False,True
True,False,True,True,True,True,False,False,False,False,True
False,True,True,True,True,False,False,False,True,False,True
True,True,True,True,True,True,True,True,False,False,True
True,True,True,True,True,True,False,False,False,False,True
True,True,True,True,True,True,True,True,False,False,True
True,True,True,True,True,True,False,False,False,False,True
True,True,True,True,True,True,True,False,False,False,True
True,True,True,True,True,True,True,True,False,False,True
False,False,True,True,True,True,False,False,False,False,True
False,False,True,True,True,True,True,False,False,False,True
True,True,True,True,True,True,True,False,False,False,True
True,True,True,True,True,True,True,False,False,False,True
True,True,True,True,True,True,True,True,False,True,True
True,True,True,True,True,True,True,True,False,True,True
True,True,True,True,True,True,True,True,False,True,True
True,True,True,True,True,True,True,True,False,False,True
False,False,True,False,True,True,True,True,False,False,True
False,False,False,False,False,True,False,False,False,False,True
True,True,False,False,False,False,True,False,False,False,True
True,True,True,True,True,True,True,True,False,False,True
True,True,True,True,True,True,True,False,False,False,True
True,True,False,True,True,True,True,True,False,False,True
True,True,False,True,True,True,True,False,False,False,True
True,True,False,False,False,False,False,False,False,False,True
True,True,True,True,True,True,False,False,False,False,True
True,True,True,True,True,True,False,False,True,False,True
True,True,True,True,True,True,True,True,False,False,True
True,True,True,True,True,True,True,True,False,False,True
True,True,True,True,True,True,True,True,False,True,True
False,False,True,True,True,True,True,False,False,True,True
True,True,True,True,True,True,True,True,True,True,True
False,False,True,True,True,True,True,False,False,False,True
True,True,False,True,True,True,True,True,False,False,True
False,False,True,True,False,False,False,False,False,True,True
False,False,True,True,False,False,True,False,False,False,True
True,True,True,True,True,True,True,True,False,False,True
True,True,False,True,True,True,False,True,False,False,True
True,True,True,True,True,True,False,False,False,False,True
True,False,True,True,False,False,False,True,False,False,True
True,False,True,True,False,False,False,False,False,True,True
True,False,True,True,False,False,False,False,False,False,True
True,True,True,True,True,True,False,False,False,False,True
True,True,True,True,True,True,False,True,False,False,True
True,True,False,False,False,True,False,True,False,False,True
True,True,False,False,False,True,False,True,False,False,True
True,True,True,True,True,True,True,True,False,False,True
True,True,True,True,True,True,True,True,True,False,True
True,True,False,False,False,False,False,True,False,False,True
True,True,True,True,True,True,False,True,False,False,True
True,False,True,True,True,False,True,False,False,False,True
False,True,True,True,True,True,True,True,False,True,True
True,True,True,True,True,True,True,False,False,False,True
True,True,True,True,True,True,False,False,False,False,True
True,True,True,True,True,True,True,True,False,True,True
False,False,True,True,True,True,False,False,False,False,True
True,True,True,False,False,False,True,False,False,False,True
True,True,True,True,True,True,False,False,False,False,True
True,True,True,True,True,True,False,False,False,False,True
True,False,True,True,True,False,False,False,False,True,True
True,False,True,True,True,True,False,False,False,True,True
True,True,True,True,True,False,True,False,False,False,True
True,True,True,True,True,True,True,False,False,False,True
True,True,True,True,True,True,True,False,False,False,True
True,True,True,True,True,True,False,False,False,False,True
True,True,True,True,True,True,False,False,False,False,True
True,True,True,False,False,False,False,False,False,True,True
True,True,True,False,False,False,True,True,False,False,True
True,False,True,False,False,False,False,False,False,False,True
True,True,False,False,False,True,True,True,False,False,True
False,False,False,False,False,False,False,False,False,False,True
True,True,True,True,True,True,False,False,False,False,True
True,True,True,True,False,True,False,False,False,True,True
True,True,True,True,True,True,False,True,True,False,True
True,False,True,True,False,True,True,True,False,True,True
True,True,True,True,True,True,False,False,False,False,True
False,False,True,True,True,True,True,True,False,False,True
True,True,False,False,True,True,False,False,False,False,True
True,False,True,True,True,True,False,False,False,False,True
False,True,True,True,True,True,False,False,False,False,True
True,True,True,True,True,True,False,False,False,False,True
False,False,True,True,True,True,False,False,False,False,True
False,False,True,True,True,True,False,False,False,False,True
True,False,True,True,True,True,False,False,False,False,True
True,True,True,True,True,True,False,False,True,True,True
False,False,True,True,True,True,False,False,False,True,True
False,False,True,True,True,True,False,False,True,True,True
True,True,True,True,True,True,False,False,False,False,True
True,False,True,True,True,True,False,False,True,False,True
True,True,True,True,False,True,False,True,False,False,True
True,True,True,True,True,True,True,True,True,True,True
True,True,True,True,True,True,False,False,False,False,True
True,True,True,True,True,True,False,False,True,False,True
True,False,False,False,False,True,False,False,False,False,True
True,True,True,True,True,True,True,True,False,False,True
True,True,True,True,True,True,False,False,False,False,True
False,True,True,True,True,True,False,False,True,False,True
False,True,True,True,True,True,True,True,True,False,True
True,True,True,True,True,True,False,False,True,False,True
False,True,True,True,True,True,False,False,True,False,True
True,True,True,True,True,True,True,True,False,False,True
True,True,True,True,True,True,True,True,True,False,True
True,True,False,True,True,True,False,True,False,False,True
True,True,True,True,True,True,True,True,False,False,True
True,True,True,True,True,True,True,True,False,False,True
True,True,True,True,True,True,True,False,False,False,True
False,False,False,True,True,True,False,False,False,False,True
True,True,True,True,True,True,True,True,False,False,True
True,True,True,True,True,True,False,False,False,False,True
True,False,True,False,False,False,True,False,False,False,False
False,False,True,False,False,False,True,False,False,False,True
True,True,True,False,False,False,True,True,False,False,True
True,True,True,False,True,True,True,True,False,False,True
True,True,True,True,True,True,True,False,False,False,True
True,True,True,True,True,True,True,True,False,False,True
True,True,True,True,True,False,False,False,False,False,True
True,True,True,True,False,False,False,False,False,False,True
False,True,True,True,True,True,False,False,True,False,True
False,False,True,True,True,False,False,False,False,False,True
False,False,False,True,True,True,False,False,False,False,True
True,True,True,True,True,False,True,True,True,False,True
True,False,True,True,True,False,True,True,True,False,True
True,True,True,True,True,True,True,True,True,False,True
True,False,True,False,True,True,True,True,True,False,True
True,False,False,True,True,True,True,True,False,False,True
False,False,False,True,False,False,True,False,False,False,True
True,True,False,False,False,True,True,True,False,False,True
True,True,True,True,True,True,True,True,True,False,True
False,True,True,True,True,True,True,False,False,False,True
True,True,True,True,True,True,True,False,False,False,True
True,True,True,True,True,True,True,True,True,True,True
True,True,True,True,True,True,False,False,False,False,True
True,True,True,True,True,True,True,True,False,False,True
True,False,True,False,False,False,False,True,False,False,False
False,False,True,True,True,True,True,True,False,False,True
True,True,True,True,True,True,True,True,False,False,True
True,True,False,False,False,False,False,False,False,False,True
True,True,True,True,True,True,True,True,False,False,True
True,True,False,False,False,False,False,False,True,False,True
True,True,True,True,True,True,True,True,False,False,True
True,True,False,False,False,True,True,True,False,False,True
True,True,True,True,True,True,True,True,True,True,True
True,True,True,True,True,True,True,True,True,True,True
True,True,True,True,True,True,False,False,True,True,True
True,True,True,True,True,True,False,False,False,False,True
True,True,True,True,True,True,False,False,False,True,True
True,True,True,True,True,True,False,False,False,True,True
True,False,True,True,False,False,False,False,False,False,True
False,False,False,False,False,False,False,False,False,False,True
False,False,True,True,True,True,False,False,False,False,True
True,True,True,True,True,True,True,False,False,False,True
False,False,False,True,False,True,True,False,False,False,True
True,True,False,False,False,False,False,False,False,False,True
True,True,False,False,False,False,False,False,False,False,True
True,True,True,True,True,True,False,False,False,False,True
True,True,True,True,True,True,True,False,False,False,True
True,True,True,True,True,True,True,True,False,False,True
True,True,True,True,True,True,False,False,False,False,True
True,True,True,True,True,True,False,False,False,False,True
True,True,True,True,True,True,False,False,False,False,True
True,True,True,True,True,True,True,True,False,False,True
True,True,True,True,True,True,False,True,True,True,True
True,True,True,True,True,True,True,True,True,True,True
True,True,True,True,True,True,False,True,False,False,True
True,True,True,True,True,True,True,True,False,True,True
True,True,True,True,True,True,False,False,False,True,True
True,True,True,True,True,True,False,False,False,True,True
False,True,True,True,True,True,True,True,False,False,True
False,False,False,False,False,False,True,True,False,False,True
False,False,False,True,True,True,False,False,False,True,True
False,False,True,True,True,True,False,False,False,False,True
False,True,False,True,False,True,False,False,False,False,True
False,False,True,True,True,True,False,False,False,True,True
False,False,False,False,False,False,False,False,False,False,True
False,False,True,True,False,False,False,False,False,False,True
False,False,True,False,False,False,False,False,False,False,True
True,True,True,True,True,True,True,True,False,True,True
True,True,True,True,True,True,True,False,False,True,True
True,True,True,True,True,True,True,False,False,True,True
True,True,True,True,True,True,True,True,False,True,True
True,True,True,True,True,True,True,False,False,True,True
True,False,False,True,False,False,False,False,False,False,True
True,True,True,True,True,True,True,False,False,False,True
True,True,True,True,True,True,False,False,False,False,True
True,False,False,True,False,False,False,False,False,False,True
True,True,False,True,True,True,False,False,False,False,True
True,False,False,True,False,True,True,True,False,False,True
True,True,True,True,True,True,True,True,False,False,True
True,True,True,True,True,True,False,False,False,True,True
False,False,True,True,True,True,False,False,True,False,True
True,True,True,True,True,True,True,True,False,False,True
True,True,True,True,True,True,True,True,False,True,True
True,True,False,False,False,False,True,True,False,False,True
True,False,False,False,False,False,False,False,False,False,True
True,True,True,False,False,False,False,True,False,False,True
False,True,True,True,True,True,True,False,False,True,True
True,True,True,True,True,True,True,True,False,False,True
True,True,True,True,True,True,False,False,False,True,True
True,True,True,True,False,False,False,False,False,True,True
True,True,True,True,True,True,False,False,False,True,True
True,True,True,True,True,True,True,True,False,False,True
True,False,True,False,True,True,False,True,False,False,True
True,True,False,False,False,False,False,False,False,False,True
True,True,True,False,False,True,False,False,False,False,True
True,True,True,True,True,True,False,False,False,False,True
True,False,True,False,True,True,False,False,False,False,True
True,True,True,True,True,True,False,True,False,False,True
True,True,True,True,False,False,False,True,False,False,True
True,True,True,True,True,True,False,False,False,False,True
True,False,True,True,False,False,False,False,False,False,True
True,False,False,False,False,False,False,False,False,False,True
True,True,True,False,False,False,False,False,False,False,True
True,True,True,True,True,True,False,False,False,False,True
True,True,True,True,True,True,False,False,False,False,True
True,True,True,True,True,True,False,False,False,False,True
True,False,True,True,True,True,True,True,False,False,True
True,True,True,True,True,True,True,True,True,True,True
True,True,True,True,True,True,True,True,False,True,True
True,True,True,True,True,True,True,True,False,False,True
True,True,False,True,True,True,False,True,False,True,True
True,True,True,True,True,True,True,True,False,False,True
True,True,True,True,True,True,False,False,False,False,True
True,True,True,True,True,True,True,True,False,False,True
True,False,False,True,False,False,True,False,False,False,True
True,True,True,True,False,True,False,False,False,False,True
True,False,True,True,True,True,False,False,False,False,True
True,True,False,True,True,True,False,True,False,False,True
True,True,True,True,True,True,False,False,False,False,True
True,True,True,True,True,True,False,True,False,False,True
True,True,True,True,True,True,True,True,False,False,True
True,False,True,True,True,True,True,True,False,False,True
False,False,True,True,True,True,False,False,False,True,True
True,True,True,True,True,True,True,False,False,False,True
True,False,True,True,True,True,True,True,False,False,True
True,True,True,True,True,True,True,True,False,False,True
True,True,True,True,True,True,True,True,False,True,True
True,True,True,True,True,True,True,True,False,True,True
True,True,True,True,True,True,True,True,False,True,True
False,False,True,True,False,False,True,False,False,True,True
True,False,True,True,False,False,True,False,False,False,True
False,False,True,True,False,False,True,False,False,False,True
False,False,True,True,True,True,True,True,False,False,True
False,False,True,True,False,True,True,True,False,False,True
True,False,False,False,False,False,False,True,False,False,True
True,False,False,False,True,True,False,True,False,False,True
True,False,True,False,False,False,True,False,False,False,True
True,True,True,True,True,True,True,True,False,False,True
True,True,True,True,True,True,True,True,False,False,True
True,True,True,True,True,True,True,True,True,True,True
False,False,True,True,True,True,False,True,False,True,True
True,True,True,True,True,True,False,True,False,False,True
True,False,False,False,False,False,False,False,False,False,True
True,True,True,True,True,True,False,False,False,False,True
False,False,True,True,True,True,False,False,False,False,True
False,False,True,True,True,True,False,False,False,False,True
True,False,True,True,True,True,False,False,False,False,True
True,False,True,True,False,False,False,False,False,False,True
True,True,True,True,True,True,True,True,False,False,True
True,True,True,True,True,True,True,True,False,False,True
True,True,True,True,True,True,False,True,False,False,True
True,True,False,True,True,True,False,True,False,False,True
True,True,False,False,False,True,True,True,False,False,True
True,False,True,True,True,True,True,True,False,False,True
True,True,True,True,True,True,True,True,False,False,True
True,True,True,True,True,True,True,True,False,False,True
True,True,True,True,True,True,True,True,False,False,True
True,True,True,True,True,True,True,True,False,False,True
True,True,True,True,True,True,True,False,False,False,True
True,False,True,True,True,True,True,False,False,False,True
True,True,True,True,True,True,True,False,False,False,True
True,True,True,True,True,True,False,True,False,True,True
True,True,True,True,True,True,False,True,False,True,True
True,True,True,True,True,True,False,False,False,False,True
True,True,True,True,True,True,False,False,False,False,True
True,True,True,True,True,True,False,False,False,False,True
True,False,True,True,True,True,True,True,True,False,True
False,False,True,True,True,True,True,True,True,False,True
True,True,True,True,True,True,False,True,True,False,True
True,True,True,True,True,True,False,True,True,False,True
True,True,True,True,True,True,True,True,False,True,True
True,True,False,True,True,True,True,True,False,True,True
True,True,True,True,True,True,True,True,False,False,True
True,True,True,True,True,True,False,False,False,False,True
True,True,False,True,True,True,True,True,False,False,True
True,True,False,False,False,True,True,True,False,False,True
False,True,True,True,True,True,False,False,False,True,True
False,True,True,True,True,True,False,False,False,True,True
False,False,True,True,True,True,False,False,False,True,True
False,True,True,True,True,True,False,False,False,True,True
False,True,True,True,True,True,False,False,False,True,True
True,False,False,False,False,False,False,False,False,False,True
True,True,True,True,True,True,True,True,True,True,True
True,True,True,False,False,False,True,True,False,False,True
True,True,True,True,True,True,True,True,True,True,True
True,True,True,True,True,True,True,True,False,False,True
True,True,True,True,True,True,False,True,False,False,True
True,True,True,True,True,True,True,True,False,False,True
True,True,True,True,True,True,True,True,False,False,True
True,True,True,True,True,True,True,True,True,False,True
True,True,True,True,True,True,False,True,False,True,True
True,True,True,True,True,True,False,False,False,True,True
True,True,True,True,True,True,False,False,False,True,True
True,True,True,True,True,True,True,False,False,True,True
True,True,True,True,True,True,True,True,False,False,True
True,False,True,True,True,True,False,False,False,True,True
True,True,True,True,True,True,False,False,False,False,True
True,True,True,True,True,True,True,True,False,False,True
False,True,False,True,True,True,False,True,False,False,True
True,True,True,False,False,True,True,False,False,False,True
True,True,True,True,True,True,True,True,False,False,True
True,True,False,False,False,False,True,True,False,False,True
True,True,False,True,True,True,False,True,False,False,True
True,True,False,True,True,True,False,True,False,False,True
True,True,True,True,True,True,True,True,True,True,True
True,False,True,True,True,True,True,True,True,True,True
True,True,True,True,True,True,True,True,True,True,True
True,True,True,True,True,True,False,True,True,True,True
False,True,True,True,True,True,False,True,True,True,True
True,True,True,True,True,True,False,True,False,True,True
False,False,True,True,True,True,False,False,False,True,True
True,True,True,True,True,True,False,True,True,True,True
True,False,True,True,True,True,False,False,False,False,True
True,True,True,True,True,True,True,True,True,True,True
True,True,True,True,True,True,True,False,True,False,True
True,True,True,True,True,True,True,True,False,False,True
True,True,True,True,True,True,True,True,False,False,True
True,True,True,False,False,False,True,True,False,False,True
True,True,True,True,True,True,True,True,False,False,True
True,True,True,True,True,True,False,True,False,False,True
False,False,False,True,False,True,False,False,False,False,True
True,True,True,True,True,True,True,True,True,True,True
True,True,True,True,True,True,True,True,True,True,True
True,False,True,True,True,True,False,False,False,True,True
True,True,True,True,True,True,True,True,False,False,True
True,True,True,True,True,True,True,True,True,True,True
True,True,True,True,True,True,True,True,False,False,True
True,True,False,False,False,False,False,True,False,False,True
True,True,True,True,True,True,True,True,True,False,True
True,True,True,True,False,False,False,False,False,False,True
True,True,False,True,True,True,True,True,False,False,True
False,True,True,True,True,True,False,False,True,True,True
True,True,True,True,True,True,False,False,False,True,True
True,True,True,True,True,True,True,True,False,False,True
True,True,True,True,True,True,True,True,False,False,True
True,True,True,True,True,True,True,True,True,False,True
True,True,True,True,True,True,True,True,True,False,True
True,True,True,False,False,False,True,True,False,False,True
True,True,True,False,False,False,True,True,False,False,True
True,True,True,False,False,False,True,True,False,False,True
True,True,True,False,False,False,True,True,False,False,True
True,True,True,True,True,True,True,True,True,False,True
True,True,True,True,True,True,True,True,False,True,True
True,False,True,True,True,True,True,True,False,True,True
False,False,False,True,False,False,False,False,False,True,True
True,True,True,False,False,True,True,True,False,False,True
True,True,True,True,True,True,True,True,True,True,True
True,True,True,True,True,True,False,False,False,True,True
True,True,True,True,True,True,False,False,False,True,True
True,True,True,True,True,True,True,True,True,True,True
True,True,True,True,True,True,True,False,False,True,True
True,True,True,True,True,True,False,False,True,True,True
True,True,True,True,True,True,False,False,False,True,True
True,True,True,True,True,True,False,True,True,True,True
True,True,True,True,True,True,True,True,True,True,True
True,False,False,True,True,True,True,False,False,False,True
True,True,False,True,True,True,False,True,False,False,True
True,False,True,False,False,False,True,True,False,False,True
False,False,True,True,True,False,True,True,False,False,True
True,True,False,True,True,True,True,True,False,False,True
True,True,True,True,True,True,True,True,False,False,True
True,True,False,True,True,True,False,True,False,False,True
True,True,True,True,True,True,False,False,False,False,True
True,True,True,True,True,True,False,False,False,False,True
False,True,True,True,True,True,False,False,False,False,True
True,True,True,True,True,True,True,False,False,False,True
True,False,False,True,False,False,True,True,False,False,True
True,True,True,True,True,True,False,True,False,False,True
True,True,True,True,True,True,True,True,False,True,True
False,False,True,True,True,True,False,True,False,True,True
False,True,True,True,True,True,False,True,False,True,True
True,True,True,True,True,True,True,True,False,False,True
True,True,True,True,True,True,True,True,False,False,True
True,True,True,True,True,True,True,True,True,True,True
True,True,True,True,True,True,False,True,True,True,True
True,True,True,True,True,True,True,True,True,True,True
True,True,True,True,True,True,True,True,True,False,True
True,True,True,True,True,True,False,True,True,True,True
True,True,True,True,True,True,False,True,False,False,True
True,True,True,True,True,True,True,True,False,False,True
True,True,True,False,False,True,False,False,True,False,True
True,True,True,False,False,True,False,False,False,False,True
True,True,True,False,False,True,False,False,False,False,True
True,True,True,True,True,True,False,False,False,False,True
True,True,True,True,True,True,True,True,False,False,True
True,True,True,True,True,True,True,True,False,False,True
True,True,True,True,True,True,True,True,True,False,True
True,True,True,True,True,True,True,True,True,False,True
True,True,True,True,True,True,True,True,False,True,True
True,True,True,True,True,True,True,True,False,True,True
True,True,True,True,True,True,True,True,False,True,True
True,False,True,True,True,True,False,False,False,True,True
True,True,True,True,True,True,True,True,False,False,True
True,True,True,True,True,True,True,True,True,True,True
True,True,True,True,True,True,False,True,False,True,True
True,True,True,True,True,True,True,True,True,True,True
True,True,True,True,True,True,True,True,False,True,True
True,True,True,True,True,True,False,True,True,True,True
True,True,True,True,True,True,False,True,False,True,True
True,True,True,True,True,True,False,True,True,True,True
True,True,True,True,True,True,True,True,False,False,True
True,True,True,True,True,True,True,True,False,False,True
True,True,True,True,True,True,True,True,True,True,True
True,True,True,True,True,True,False,True,True,True,True
True,True,True,True,True,True,True,True,True,True,True
True,True,True,True,True,True,True,True,True,False,True
False,True,True,True,True,True,True,True,False,False,True
True,True,True,True,True,True,True,True,False,True,True
True,True,True,True,True,True,True,True,False,True,True
True,True,True,True,True,True,False,True,False,False,True
False,False,True,False,True,True,False,False,False,False,True
False,True,True,True,True,True,True,True,False,False,True
True,True,False,True,True,True,True,True,False,False,True
False,False,False,True,True,True,False,False,False,False,True
True,True,True,True,True,True,True,True,False,False,True
True,True,True,True,True,True,False,True,False,False,True
True,True,True,True,False,False,False,False,False,False,True
False,False,False,False,False,False,True,True,False,False,True
False,True,True,False,False,False,True,True,False,False,True
True,True,True,True,True,True,False,False,False,False,True
True,False,False,False,False,False,True,True,False,False,True
True,False,False,False,False,False,True,True,False,False,True
False,False,False,False,False,False,False,False,False,False,True
True,True,True,True,True,True,True,True,False,True,True
True,True,True,True,True,True,True,True,False,False,True
True,True,True,False,False,False,True,False,False,False,True
True,True,True,True,True,True,True,False,False,False,True
True,True,True,False,False,False,True,False,False,False,True
False,False,True,False,True,True,True,False,False,False,True
True,True,True,True,True,True,True,True,False,False,True
False,False,True,True,True,True,True,True,False,False,True
True,True,True,True,True,True,True,True,True,True,True
True,True,True,True,True,True,True,True,False,True,True
True,True,True,True,True,True,True,True,False,True,True
False,True,True,True,True,True,True,True,False,False,True
True,True,True,True,True,True,True,True,False,False,True
True,True,True,True,True,True,True,True,True,True,True
True,True,True,True,True,True,False,False,True,True,True
True,True,True,True,True,True,True,True,False,False,True
False,False,True,False,True,False,False,False,True,False,True
False,False,True,False,True,False,False,False,True,False,True
False,False,True,False,True,False,False,False,True,False,True
True,True,True,True,True,True,True,True,False,False,True
True,True,True,True,True,True,False,True,False,False,True
True,True,False,False,False,False,True,False,False,False,True
True,True,False,True,True,True,False,True,False,False,True
True,True,False,True,True,True,False,True,False,False,True
False,False,False,True,False,True,False,False,False,False,True
True,True,True,True,True,True,True,True,False,False,True
True,True,True,True,True,True,True,True,False,False,True
True,True,True,True,True,True,True,True,False,False,True
True,True,True,False,False,False,False,False,False,False,True
True,True,False,True,True,True,False,True,False,False,True
True,True,True,True,True,True,True,True,False,False,True
True,True,True,True,True,True,False,True,False,False,True
True,True,True,True,True,True,True,True,True,False,True
True,True,True,True,True,True,False,False,False,False,True
True,True,True,True,True,True,False,False,False,False,True
True,True,True,True,True,True,True,False,False,False,True
True,True,True,True,True,True,True,True,False,False,True
True,True,True,True,True,True,True,True,False,False,True
True,True,True,True,True,True,False,False,False,False,True
True,True,True,True,True,True,True,True,False,False,True
True,True,True,True,True,True,True,True,True,False,True
True,True,True,True,True,True,True,True,False,False,True
True,True,True,True,True,True,True,True,True,False,True
True,True,True,True,True,True,True,True,False,True,True
True,True,True,True,True,True,False,True,False,True,True
True,True,True,True,True,True,False,False,False,True,True
True,False,True,False,False,False,False,False,False,False,True
True,False,True,False,False,True,False,False,False,False,True
True,True,True,False,False,False,True,True,False,False,True
True,False,True,False,False,False,False,True,False,False,True
True,True,True,True,True,True,True,True,True,True,True
True,True,True,True,True,True,True,True,True,True,True
True,True,True,True,True,True,False,True,True,True,True
True,True,True,True,True,True,False,True,False,True,True
True,True,True,True,True,True,True,True,False,True,True
True,True,True,True,True,True,False,True,True,True,True
True,True,True,True,True,True,True,True,True,True,True
True,True,True,False,False,False,True,True,False,False,True
True,True,True,True,True,True,True,True,False,False,True
True,True,True,True,False,False,True,True,False,True,True
True,True,False,True,False,False,True,True,False,False,True
True,True,True,True,True,True,True,True,True,False,True
True,False,False,True,False,False,True,True,False,False,True
False,False,False,False,False,False,True,True,False,False,True
True,False,False,False,False,False,False,False,False,False,True
False,False,False,False,False,False,False,False,False,False,True
False,False,False,False,False,False,False,False,False,False,True
False,False,False,False,False,False,False,True,False,False,True
True,False,False,False,False,False,False,False,False,False,True
True,False,False,False,False,False,False,True,False,False,True
True,False,False,False,False,True,True,True,False,False,True
True,False,True,True,True,True,True,False,False,False,True
True,False,True,True,False,False,False,False,False,True,True
True,True,False,True,True,True,True,True,False,False,True
True,True,True,True,True,True,True,False,False,False,True
True,True,True,True,True,True,True,True,False,False,True
True,True,True,True,True,True,True,False,False,False,True
True,True,True,True,True,True,False,False,False,False,True
True,True,True,True,True,True,True,True,False,False,True
True,True,True,True,True,True,True,True,False,True,True
True,False,False,False,True,True,True,False,False,False,True
True,True,True,False,False,False,True,True,False,False,True
True,True,True,True,True,True,True,True,False,False,True
True,True,True,True,True,True,False,False,False,False,True
True,True,True,True,True,True,False,False,False,True,True
True,False,True,True,True,True,True,True,False,False,True
False,False,False,True,True,True,False,False,False,False,True
True,True,True,True,True,True,True,True,False,False,True
True,True,True,True,True,True,False,False,True,False,True
True,True,True,True,True,True,False,True,True,False,True
True,True,True,True,True,True,False,False,True,False,True
False,False,True,False,True,True,False,False,True,False,True
False,False,True,True,True,True,False,False,False,False,True
True,False,True,True,True,True,False,False,False,False,True
False,False,False,True,True,True,False,False,False,False,True
True,True,True,True,True,True,True,True,True,False,True
True,True,False,True,True,True,False,False,False,False,True
True,True,True,True,True,True,True,True,False,False,True
False,True,False,True,True,True,False,False,False,False,True
False,False,True,True,True,True,False,False,False,False,True
True,True,True,True,True,True,False,False,False,False,True
True,True,True,True,False,False,True,False,False,True,True
True,True,True,True,True,True,True,True,False,True,True
True,True,True,True,True,False,True,False,False,True,True
True,True,True,True,False,False,True,False,False,True,True
True,True,True,True,True,True,True,True,False,False,True
True,True,True,True,True,True,True,True,False,True,True
True,True,False,True,True,True,False,True,False,False,True
True,True,True,True,True,True,True,True,False,False,True
True,True,True,False,False,False,False,False,False,False,True
True,True,True,True,True,True,True,True,False,False,True
True,True,True,True,True,True,True,False,False,False,True
True,True,True,True,True,True,False,False,False,False,True
False,False,False,False,False,False,False,True,False,False,True
True,True,True,True,True,True,True,True,False,False,True
False,False,True,False,False,True,False,False,False,False,True
True,True,True,True,True,True,True,True,False,True,True
True,True,True,True,True,True,True,False,False,False,True
False,False,True,True,True,True,False,False,False,True,True
True,False,True,True,True,False,False,False,False,False,True
False,False,True,True,True,True,False,False,False,False,True
False,False,True,True,False,False,True,False,False,False,True
False,False,True,True,False,False,True,True,False,False,True
True,False,True,True,False,False,True,True,False,False,True
True,True,True,False,False,False,True,True,False,False,True
True,True,True,True,True,True,False,False,False,False,True
True,True,True,True,True,True,True,False,False,True,True
True,True,False,False,False,True,False,False,False,False,True
True,True,True,True,True,True,True,False,False,False,True
True,True,True,True,True,True,False,False,True,True,True
True,True,True,True,True,True,False,True,False,False,True
True,True,True,True,True,True,False,False,False,False,True
True,True,True,True,True,True,False,True,False,False,True
True,True,True,True,True,True,True,True,False,False,True
True,True,True,False,False,False,False,False,False,False,True
True,True,False,True,True,True,False,True,False,False,True
True,True,True,True,True,True,False,True,False,False,True
True,True,True,True,True,True,True,True,False,False,True
True,True,True,True,True,True,True,False,False,False,True
True,True,True,True,True,True,True,False,False,False,True
True,True,True,True,True,True,False,False,False,False,True
True,True,True,True,True,True,False,False,False,False,True
True,True,True,True,True,True,True,True,False,False,True
True,False,False,False,False,False,True,True,False,True,True
False,False,True,True,True,True,True,True,False,False,True
True,True,True,True,True,True,True,True,False,False,True
True,True,True,True,True,True,True,True,False,False,True
True,True,True,True,True,True,True,True,True,True,True
True,True,False,False,True,True,True,True,False,False,True
True,True,False,False,False,True,False,True,False,False,True
True,True,False,False,False,True,True,True,False,False,True
True,True,True,True,True,True,True,False,False,True,True
True,True,True,True,True,True,False,False,False,False,True
True,False,True,False,False,True,True,True,False,False,True
True,True,True,True,True,True,False,True,False,True,True
True,True,True,True,True,True,False,True,False,False,True
True,True,True,True,True,True,False,True,False,True,True
True,False,True,False,True,True,True,False,False,False,True
False,False,True,False,True,True,True,True,False,False,True
True,False,True,True,True,True,True,True,True,False,True
False,False,True,True,False,False,False,False,False,True,True
True,True,True,True,True,True,True,True,False,False,True
True,True,False,True,True,True,True,True,False,False,True
True,True,True,True,True,True,False,False,False,False,True
True,True,False,True,True,True,True,True,False,False,True
True,True,True,True,True,True,True,True,False,False,True
True,True,True,True,True,True,True,True,False,False,True
True,True,False,True,True,True,False,False,False,False,True
True,True,True,True,True,True,False,False,True,False,True
True,False,False,False,False,False,False,False,False,False,True
True,True,False,False,False,True,True,True,True,False,True
True,True,True,True,True,True,False,False,False,False,True
True,True,True,True,True,True,False,False,False,False,True
True,False,False,True,True,True,False,False,False,False,True
False,False,False,True,True,True,False,False,False,False,True
True,False,False,True,True,True,False,True,False,False,True
True,True,True,True,True,True,False,True,True,False,True
True,True,True,True,True,True,False,True,False,False,True
False,True,True,True,False,False,False,False,False,False,True
False,False,False,False,False,False,False,False,False,False,True
True,True,True,True,True,True,False,True,False,False,True
True,True,True,True,True,True,False,True,False,False,True
False,False,False,False,False,False,False,True,False,False,True
False,False,False,True,False,False,False,False,False,False,True
True,True,True,True,True,True,True,False,False,False,True
True,True,True,True,True,True,True,True,False,False,True
True,True,True,True,True,True,False,True,False,False,True
True,True,True,True,True,True,False,False,False,True,True
True,True,True,True,True,True,False,False,False,False,True
True,True,True,True,True,True,False,False,False,False,True
True,False,True,True,True,True,False,False,False,False,True
True,False,True,True,True,True,False,True,True,False,True
True,False,True,True,True,True,False,True,True,False,True
True,False,True,True,True,True,False,False,True,False,True
True,True,True,True,True,True,False,False,False,False,True
True,False,True,True,True,True,False,False,False,False,True
False,False,True,True,False,False,False,False,False,False,True
True,True,True,True,True,True,False,False,False,False,True
True,True,True,True,True,True,False,False,False,False,True
False,False,False,False,False,False,False,False,False,False,True
False,False,False,True,False,False,False,False,False,False,True
True,True,True,True,True,True,True,False,False,False,True
True,False,True,True,True,True,True,False,False,False,True
False,True,True,True,True,True,True,False,False,False,True
True,True,True,False,True,True,True,False,False,False,True
False,False,True,True,False,False,False,False,False,False,True
True,True,True,True,True,True,False,False,False,False,True
False,False,True,True,True,True,False,False,False,True,True
True,False,True,True,False,False,False,False,False,True,True
False,True,True,True,True,True,False,False,False,False,True
True,False,True,True,False,True,False,False,False,False,True
True,True,True,True,True,True,False,True,True,False,True
True,True,True,True,True,True,False,True,True,False,True
True,True,True,True,True,True,False,False,False,False,True
True,False,True,True,True,True,False,False,False,False,True
True,True,True,True,True,True,False,False,False,False,True
True,True,True,False,False,True,False,False,False,False,True
False,True,True,True,True,True,False,False,False,False,True
True,False,True,True,True,True,False,False,False,False,True
False,False,True,False,False,False,False,False,False,False,True
False,False,True,True,True,True,False,False,False,False,True
True,False,True,True,True,True,False,False,False,False,True
False,False,True,True,False,False,False,False,False,False,True
True,False,True,False,False,False,False,False,False,False,True
False,False,False,False,False,False,False,False,False,False,True
True,True,True,True,True,True,False,True,False,False,True
True,True,True,True,True,True,False,False,False,False,True
True,True,True,True,True,True,False,False,False,False,True
True,True,True,True,True,True,False,True,True,False,True
True,True,True,True,True,True,False,False,False,False,True
False,False,False,False,False,True,False,False,False,False,True
False,False,True,False,False,False,False,True,False,False,True
False,False,True,True,False,False,False,False,False,False,True
True,True,True,True,True,True,False,False,False,False,True
True,True,True,True,True,True,False,False,False,False,True
True,True,True,True,False,True,False,True,True,False,True
False,False,True,False,True,True,False,False,False,False,True
True,True,True,True,True,True,False,False,False,False,True
True,True,True,True,True,True,True,True,True,False,True
True,True,True,True,True,True,False,False,False,False,True
True,False,True,True,True,True,True,False,False,False,True
True,True,True,True,True,True,True,False,False,False,True
False,False,True,True,True,True,True,True,True,False,True
True,True,True,True,True,True,False,False,False,False,True
True,True,True,True,True,True,False,False,False,False,True
True,True,True,True,True,True,False,False,True,False,True
True,True,True,True,True,True,False,False,False,False,True
True,True,True,True,True,True,False,True,True,False,True
False,False,True,True,True,True,False,False,False,False,True
True,True,True,True,True,True,False,False,False,False,True
True,True,True,True,True,True,False,False,False,False,True
True,True,True,True,True,True,False,False,False,False,True
False,False,True,True,False,False,False,False,False,False,True
False,False,False,False,False,False,False,False,False,False,True
True,True,True,True,True,True,False,True,False,False,True
True,True,True,True,True,True,False,False,False,False,True
True,True,True,True,True,True,False,False,False,False,True
True,True,True,True,True,True,False,False,True,True,True
True,False,True,True,False,False,False,False,True,True,True
True,True,True,True,True,True,False,False,True,False,True
True,True,True,True,True,True,True,False,False,True,True
True,True,True,True,True,True,False,False,False,True,True
True,False,True,True,True,True,False,False,False,True,True
True,True,True,True,True,True,False,False,False,True,True
False,False,True,True,False,False,False,False,False,True,True
False,False,True,True,False,False,False,False,False,True,True
False,False,True,False,False,False,False,False,False,True,True
True,True,True,True,True,True,True,False,False,False,True
True,True,True,True,True,True,True,False,False,False,True
True,True,True,True,True,True,True,True,True,False,True
True,True,True,True,True,True,True,True,True,False,True
True,True,True,True,True,True,True,False,False,False,True
True,True,True,True,True,True,False,False,True,False,True
True,True,True,True,True,True,False,False,False,False,True
True,False,True,True,True,True,False,False,False,False,True
True,True,True,True,True,True,True,True,False,True,True
True,True,True,True,True,True,False,False,False,False,True
False,True,True,True,True,True,True,True,False,False,True
False,False,False,True,True,True,True,True,False,False,True
True,True,True,True,True,True,True,False,False,False,True
True,True,True,True,True,True,True,True,False,False,True
True,True,True,True,True,True,True,True,False,False,True
True,True,True,True,True,True,True,True,False,False,True
True,True,False,False,False,False,True,True,False,False,True
True,True,True,True,True,True,False,False,False,False,True
True,True,True,True,True,True,False,False,False,False,True
True,True,True,True,True,True,False,False,False,False,True
True,True,True,True,True,True,False,False,False,False,True
True,True,True,True,True,True,True,False,False,True,True
False,False,True,False,False,False,False,False,False,False,True
True,True,True,True,True,True,True,True,True,True,True
True,True,True,True,True,True,True,True,True,False,True
True,True,True,True,True,True,True,True,False,False,True
True,True,True,True,True,True,True,True,True,True,True
False,False,True,True,False,False,False,False,False,True,True
True,True,True,True,True,True,True,True,False,False,True
True,True,True,True,True,True,True,True,False,False,True
True,True,True,True,False,True,False,True,False,False,True
True,True,True,True,True,True,True,True,False,False,True
True,True,True,False,False,True,False,True,False,False,True
True,True,True,True,True,True,True,False,False,False,True
True,True,True,True,True,True,True,True,False,False,True
True,False,True,True,True,True,False,False,False,False,True
True,False,True,True,True,True,False,False,False,False,True
True,False,True,True,True,True,False,False,False,False,True
True,False,True,True,False,False,False,False,False,False,True
True,True,True,True,True,True,True,True,False,False,True
True,True,True,True,True,True,True,True,True,False,True
True,True,True,True,True,True,True,True,False,False,True
True,True,True,True,True,True,True,True,False,False,True
False,False,False,True,True,True,False,False,False,False,True
False,True,False,True,True,True,True,True,False,False,True
True,True,True,True,True,True,False,True,False,False,True
True,True,True,True,True,True,False,False,False,True,True
True,True,True,True,True,True,False,False,False,True,True
True,True,True,True,True,True,False,False,False,False,True
True,True,True,True,True,True,False,False,False,False,True
True,False,True,False,False,True,False,False,False,False,True
True,False,False,True,False,False,False,True,False,False,True
True,True,True,True,True,True,False,False,False,False,True
True,True,True,False,False,False,True,True,False,False,False
True,True,True,True,True,True,False,False,False,False,True
True,True,True,True,True,True,False,False,False,False,True
True,True,True,False,True,False,False,False,False,False,True
True,True,False,False,False,False,False,True,False,False,True
True,True,True,True,True,True,False,False,False,False,True
True,True,True,False,False,False,False,False,False,False,True
True,True,True,True,True,True,True,True,True,False,True
True,True,True,True,True,True,True,True,True,False,True
True,True,True,True,True,True,False,False,True,False,True
True,True,True,True,True,True,False,False,True,False,True
False,True,True,True,True,True,True,True,False,False,True
False,True,False,True,True,True,True,True,False,False,True
True,True,False,True,True,True,False,True,False,False,True
False,False,False,True,True,True,False,False,False,False,True
False,False,False,False,False,False,False,False,False,False,True
True,True,True,True,True,True,False,True,False,False,True
True,True,True,True,True,True,False,True,True,False,True
True,True,True,True,True,True,False,True,False,False,True
True,True,True,True,True,True,True,True,False,False,True
True,True,True,True,True,True,True,True,True,True,True
True,True,True,True,True,True,True,True,False,False,True
False,False,True,True,True,True,False,False,False,False,True
False,True,True,True,True,True,False,False,False,False,True
True,False,True,True,True,True,False,False,False,False,True
True,False,True,True,True,True,False,False,False,False,True
True,False,True,True,False,False,False,False,False,False,True
False,False,True,True,False,False,False,False,False,False,True
False,True,True,True,True,True,False,False,False,False,True
False,True,True,True,True,True,False,False,False,False,True
True,True,True,True,True,True,False,True,True,False,True
True,True,True,True,True,True,False,False,True,False,True
True,True,True,True,True,True,False,True,False,False,True
True,True,True,True,True,True,False,True,True,False,True
False,True,True,False,False,False,False,True,False,False,True
True,True,True,True,True,True,False,False,False,False,True
False,True,True,True,True,True,False,False,False,False,True
True,True,True,True,True,True,False,False,False,False,True
True,True,True,True,True,True,False,False,False,False,True
False,False,True,True,False,False,False,False,False,False,True
False,False,False,True,True,True,False,False,False,False,True
True,True,False,True,True,True,False,True,False,False,True
True,True,True,True,True,True,True,True,True,True,True
False,False,True,True,True,True,False,False,False,True,True
False,True,True,True,True,True,False,False,False,True,True
True,True,True,True,True,True,False,False,False,False,True
True,True,True,True,True,True,True,True,False,False,True
False,False,True,True,True,True,True,True,False,False,True
True,False,True,True,True,True,True,True,True,False,True
True,True,False,True,True,True,True,False,False,False,True
True,True,True,True,True,True,False,False,False,False,True
True,True,True,True,True,True,False,False,False,False,True
True,True,True,True,True,True,True,True,False,False,True
True,True,False,False,False,False,True,True,False,False,True
True,True,False,False,False,False,False,True,False,False,True
True,True,True,False,False,False,True,True,False,False,False
True,True,True,True,True,True,True,False,False,False,True
True,True,True,True,True,True,False,False,False,False,True
True,False,True,True,True,True,False,False,False,False,True
True,True,False,False,False,False,False,False,False,False,True
True,True,True,True,True,True,True,False,False,False,True
True,True,False,True,True,True,True,True,False,False,True
True,True,True,True,True,True,False,False,False,False,True
True,True,True,True,True,True,True,True,False,True,True
True,True,True,True,True,True,False,True,False,False,True
True,True,True,True,True,True,False,False,False,False,True
True,False,False,False,False,True,True,True,False,False,True
True,True,True,True,True,True,False,False,False,True,True
True,True,True,True,True,True,False,False,False,True,True
True,True,True,True,False,False,False,False,False,False,True
True,True,True,True,True,True,True,False,False,False,True
True,False,True,True,True,False,True,True,False,True,True
False,False,True,True,True,False,False,False,False,True,True
False,False,True,True,True,True,False,False,False,True,True
True,False,True,True,True,True,True,False,False,True,True
True,True,True,True,True,True,False,False,False,False,True
True,True,True,True,True,True,False,False,False,True,True
True,True,True,True,True,True,False,False,False,False,True
True,True,True,True,True,True,True,True,False,True,True
True,True,False,False,False,False,True,True,False,False,True
True,True,True,True,True,True,True,False,False,False,True
True,True,True,True,True,True,False,False,False,False,True
True,True,True,True,True,True,True,True,False,False,True
True,True,True,True,True,True,True,True,False,True,True
True,True,True,True,True,True,True,True,True,False,True
True,True,True,True,True,True,True,True,True,False,True
True,True,True,True,True,True,False,False,True,False,True
True,True,True,True,True,True,False,True,False,False,True
True,True,True,True,True,True,False,False,True,True,True
True,True,True,True,True,True,False,False,True,True,True
True,True,True,True,True,True,True,False,False,False,True
True,True,True,True,True,True,False,False,False,False,True
True,True,True,True,True,True,False,False,False,False,True
True,True,True,True,True,True,False,False,False,False,True
True,True,True,True,True,True,False,False,False,False,True
True,True,False,True,True,True,False,False,False,False,True
False,True,True,True,True,True,True,False,False,False,True
True,True,True,True,True,True,True,False,False,False,True
True,True,True,True,True,True,True,False,False,False,True
True,True,False,True,True,True,True,True,False,False,True
True,False,False,True,False,False,False,False,False,False,True
True,False,False,False,True,True,False,False,False,False,True
True,True,True,True,True,True,True,True,True,False,True
True,True,True,True,True,True,True,True,True,False,True
True,True,True,True,True,True,True,True,True,False,True
True,True,True,True,True,True,True,True,True,False,True
True,True,True,True,True,True,True,True,True,False,True
True,True,True,True,True,True,True,True,False,False,True
True,True,True,True,True,True,True,True,False,False,True
True,True,True,True,True,True,True,True,False,False,True
True,True,True,True,True,True,False,False,False,False,True
True,True,True,True,True,True,True,True,True,False,True
False,False,True,False,True,True,False,False,True,False,True
True,True,True,True,True,True,True,True,True,True,True
True,True,True,True,True,True,True,True,True,True,True
True,True,True,True,True,True,True,True,True,True,True
True,True,True,True,True,True,False,False,False,True,True
True,True,True,True,True,True,True,True,False,True,True
True,True,True,True,True,True,True,True,False,False,True
False,False,True,True,True,True,True,True,False,True,True
True,True,True,True,True,True,True,True,False,False,True
True,False,True,True,True,True,True,True,False,True,True
False,True,True,True,True,True,True,True,False,False,True
True,True,True,True,True,True,True,True,False,False,True
True,True,True,True,True,True,True,True,False,False,True
True,True,True,True,True,True,True,True,False,False,True
True,True,True,True,True,True,True,True,False,False,True
True,True,True,True,True,True,True,True,False,False,True
True,True,True,True,True,True,True,True,False,False,True
True,True,True,True,True,True,True,True,False,True,True
True,True,True,True,True,True,True,True,True,True,True
True,True,True,True,True,True,True,True,False,False,True
True,True,True,True,True,True,True,True,False,False,True
True,True,True,True,True,True,False,False,True,False,True
True,True,True,True,True,True,True,True,True,False,True
True,True,True,True,True,True,True,True,False,False,True
True,True,False,False,False,False,True,True,False,False,True
True,True,True,True,True,True,False,True,False,False,True
True,True,True,True,True,True,False,True,False,False,True
True,True,False,True,True,True,False,True,False,False,True
False,False,False,False,False,False,False,True,False,False,True
True,True,True,True,True,True,True,False,False,True,True
True,False,True,True,False,False,False,False,False,False,True
True,False,True,True,False,False,False,False,False,False,True
True,False,True,True,False,False,False,False,False,False,True
False,False,True,True,True,True,False,False,False,True,True
True,True,False,True,True,True,False,True,False,False,True
True,True,True,True,True,True,False,False,False,False,True
True,True,True,True,True,True,False,False,False,False,True
True,True,False,False,False,False,False,True,False,False,True
True,True,True,True,True,True,False,False,False,False,True
True,False,True,False,False,True,False,False,False,False,True
True,False,False,False,False,False,False,False,False,False,False
True,True,False,False,False,True,False,False,False,False,True
True,False,False,False,False,False,False,False,False,False,True
True,True,True,True,True,True,True,True,False,False,True
True,True,True,True,True,True,True,True,True,True,True
False,False,True,True,True,True,False,False,False,True,True
True,True,True,True,True,True,True,True,True,True,True
True,True,True,True,True,True,True,True,True,True,True
False,True,False,True,True,True,True,False,False,False,True
False,False,True,True,False,False,False,True,False,False,True
False,True,True,True,True,True,False,False,False,True,True
False,False,False,False,True,True,False,True,False,False,True
True,True,True,True,True,True,True,True,True,True,True
True,True,True,True,True,True,True,True,True,True,True
True,True,True,True,True,True,True,True,False,True,True
True,True,True,True,True,True,False,False,False,False,True
True,True,True,True,True,True,True,True,False,True,True
True,True,True,True,True,True,True,True,False,False,True
True,True,True,False,True,True,True,True,False,False,True
True,True,True,True,True,True,True,True,False,False,True
True,False,True,False,False,False,False,False,False,False,True
True,True,True,False,True,True,True,True,False,False,True
False,False,True,True,True,True,False,False,True,True,True
False,True,True,True,True,True,False,False,True,True,True
True,False,True,True,True,True,True,True,False,True,True
True,True,True,True,True,True,True,True,False,True,True
True,True,True,True,True,True,True,True,False,False,True
False,False,False,True,True,True,False,False,False,False,True
True,True,True,True,True,True,True,True,False,True,True
True,True,True,True,True,True,False,True,False,False,True
True,True,True,True,True,True,False,True,False,False,True
True,True,True,True,True,True,True,True,False,False,True
True,True,True,True,True,True,True,True,False,True,True
True,False,True,True,True,True,True,True,False,False,True
True,True,False,True,True,True,True,True,False,False,True
True,True,True,True,True,True,False,False,False,True,True
True,True,True,True,True,True,False,False,False,False,True
True,True,True,True,True,True,False,False,False,False,True
True,True,True,True,True,True,False,True,False,False,True
True,True,True,True,True,True,False,True,False,False,True
True,True,True,True,True,True,False,False,False,False,True
True,True,False,True,True,True,True,True,False,False,True
True,True,True,True,False,False,False,False,False,False,True
True,True,True,True,True,True,False,True,True,True,True
False,True,True,True,True,True,False,False,False,True,True
False,True,True,True,True,True,False,False,False,True,True
False,True,True,True,True,True,False,False,False,True,True
False,True,True,True,True,True,False,False,False,True,True
False,True,True,True,True,False,False,False,False,True,True
True,True,True,True,True,True,False,True,True,True,True
True,True,True,True,True,True,False,False,False,False,True
True,True,True,True,True,True,False,True,False,False,True
True,True,True,True,True,True,False,False,False,False,True
False,True,True,True,True,True,False,True,True,False,True
False,False,True,True,False,False,False,False,False,False,True
True,True,True,True,True,True,True,False,False,True,True
True,True,True,True,True,True,True,True,False,False,True
True,True,True,True,True,True,False,False,False,False,True
True,True,True,True,True,False,False,False,False,False,True
False,False,False,True,True,True,False,False,False,False,True
False,False,False,True,True,True,False,False,False,True,True
True,True,True,True,True,True,False,False,False,False,True
True,True,True,True,True,True,False,False,False,False,True
True,True,True,True,True,True,False,False,False,False,True
False,False,True,True,True,True,False,False,False,False,True
True,True,True,True,True,True,False,False,False,False,True
True,True,True,True,True,True,False,False,False,False,True
True,True,True,False,False,True,False,False,True,False,True
True,True,True,True,True,True,True,True,True,False,True
True,True,True,True,True,True,False,True,True,False,True
True,True,True,True,True,True,True,True,False,False,True
True,True,True,True,True,True,False,False,False,False,True
True,True,True,True,True,True,False,False,False,False,True
True,True,True,True,True,True,False,False,True,False,True
True,True,True,True,True,True,False,False,False,True,True
True,True,True,True,True,True,False,False,False,False,True
True,True,True,True,True,True,False,False,False,False,True
True,True,True,True,True,True,False,False,False,False,True
True,True,True,True,True,True,False,True,False,False,True
True,True,True,True,True,True,True,True,False,False,True
True,True,True,True,True,True,False,False,False,False,True
True,True,True,True,True,True,False,False,False,False,True
True,True,True,True,True,True,False,False,False,False,True
False,True,False,True,False,False,False,False,False,False,True
True,True,True,True,True,True,False,False,False,False,True
True,True,True,True,False,True,False,False,False,False,True
True,True,True,True,True,True,False,False,False,False,True
True,True,True,True,True,True,False,False,False,False,True
True,True,True,True,True,True,True,True,False,True,True
True,True,True,True,True,True,True,True,False,True,True
True,True,True,True,True,True,True,True,False,False,True
True,True,True,True,True,True,True,True,False,True,True
True,True,True,True,True,True,True,True,False,False,True
True,True,True,True,True,True,False,True,False,False,True
True,True,True,True,True,True,False,False,False,False,True
True,True,False,True,True,True,False,False,False,False,True
True,True,True,True,True,True,True,False,False,True,True
True,True,True,True,True,True,True,False,False,True,True
True,True,True,True,True,True,True,False,False,True,True
True,True,True,True,True,True,True,False,False,False,True
True,True,True,True,False,False,False,False,False,False,True
False,False,True,False,False,True,False,False,True,False,True
True,True,True,True,True,True,True,False,False,False,True
True,True,True,True,True,True,True,False,False,True,True
True,False,True,True,True,True,False,False,False,True,True
True,False,True,True,True,True,False,False,False,True,True
True,False,True,True,True,True,False,False,False,True,True
True,True,True,True,True,True,False,False,False,True,True
True,True,True,True,True,True,False,False,False,True,True
True,True,True,True,False,False,False,False,False,True,True
False,False,True,True,False,True,False,False,False,True,True
True,True,True,True,True,True,False,False,False,False,True
True,True,True,True,False,False,False,False,False,True,True
False,False,True,True,True,True,False,False,True,True,True
False,False,True,True,True,True,False,False,False,True,True
False,False,True,True,False,False,False,False,False,False,True
True,True,True,True,True,True,False,False,False,False,True
True,False,True,True,True,True,True,True,False,False,True
False,False,True,True,True,True,True,True,False,False,True
False,False,True,True,False,False,False,False,False,False,True
False,False,True,True,False,False,False,False,False,False,True
True,True,False,True,False,False,False,False,False,False,True
True,True,True,True,True,True,False,False,False,True,True
True,True,True,True,False,False,False,False,False,False,True
False,False,True,True,True,True,False,False,False,False,True
True,True,True,True,False,False,False,False,False,False,True
False,False,False,True,False,False,False,False,False,False,True
True,True,True,True,False,False,False,False,False,False,True
True,True,True,True,True,True,True,True,True,False,True
True,True,True,True,True,True,False,False,False,True,True
True,True,True,True,True,True,False,False,False,True,True
True,True,True,True,True,True,False,False,False,False,True
False,False,True,True,True,True,True,True,False,True,True
False,False,True,True,True,True,False,False,False,True,True
False,False,True,True,True,True,True,True,False,True,True
False,False,True,True,True,True,False,False,False,True,True
True,False,True,True,True,True,False,False,False,True,True
True,False,True,True,False,False,True,True,False,False,True
False,False,True,True,False,False,False,True,False,False,True
True,True,True,True,True,True,True,True,False,False,True
True,True,True,True,True,True,False,False,False,False,True
True,True,True,True,True,True,True,True,False,False,True
True,True,True,True,True,True,True,True,False,False,True
True,False,True,False,False,False,False,False,False,False,True
True,False,True,False,False,True,False,True,False,False,True
True,True,True,True,True,True,False,False,False,False,True
True,True,True,True,True,True,True,True,False,False,True
True,True,True,True,True,True,False,False,False,False,True
True,True,False,False,False,False,False,True,False,False,True
False,False,True,True,True,True,False,False,False,True,True
True,False,True,True,True,True,False,False,False,False,True
False,False,False,True,False,False,False,False,False,False,True
False,False,True,True,True,True,False,False,False,False,True
False,True,True,True,True,True,True,False,False,False,True
True,False,True,True,True,True,False,False,False,False,True
False,False,False,False,False,False,False,False,False,False,True
True,True,True,True,True,True,False,False,False,False,True
True,True,True,True,True,True,False,False,False,False,True
True,True,True,True,True,True,False,False,False,False,True
True,True,True,True,True,True,False,True,False,False,True
True,False,True,True,True,True,True,True,False,False,True
False,False,True,False,True,False,True,False,False,False,True
True,True,True,True,True,True,True,True,False,False,True
True,True,True,True,True,True,False,False,False,True,True
True,True,True,True,True,True,False,False,False,True,True
True,True,True,True,True,True,False,False,True,True,True
False,False,True,True,True,True,False,False,False,True,True
False,False,True,True,True,True,False,False,False,False,True
True,True,True,True,True,True,False,False,False,True,True
True,True,False,True,True,True,False,False,False,False,True
True,True,True,True,True,True,False,False,False,True,True
True,True,True,True,True,True,False,False,False,True,True
True,True,True,True,True,True,False,False,False,True,True
False,False,True,True,True,True,False,False,False,False,True
True,True,True,True,False,False,False,False,False,True,True
True,True,True,True,False,False,False,False,False,True,True
False,False,False,False,False,False,False,False,False,False,True
True,True,True,True,True,True,False,False,False,False,True
True,True,True,True,True,True,False,False,False,False,True
True,True,True,True,True,True,True,True,False,False,True
True,True,True,False,False,False,True,False,False,False,True
True,True,True,True,True,True,False,False,False,False,True
True,True,True,True,True,True,False,False,False,False,True
True,True,True,True,True,True,False,False,False,False,True
True,True,True,True,True,True,False,False,False,False,True
True,True,True,True,True,True,False,False,False,False,True
True,False,False,False,True,True,False,False,False,False,True
False,False,True,True,True,True,False,False,False,False,True
False,True,True,True,True,True,False,False,False,False,True
False,False,True,True,True,False,False,False,False,False,True
True,False,True,True,True,True,False,False,False,True,True
False,False,True,True,False,False,False,False,False,False,True
True,False,True,True,False,False,False,False,False,False,True
True,False,True,True,False,False,False,False,False,False,True
True,True,True,True,True,True,True,True,False,False,True
False,False,True,True,True,True,False,False,True,True,True
False,False,True,True,True,True,False,False,False,True,True
False,False,True,True,False,False,False,True,False,True,True
False,False,True,True,True,True,True,True,False,True,True
True,False,True,False,False,False,False,False,False,False,False
True,True,True,True,True,True,False,False,False,True,True
True,True,True,True,True,True,False,False,False,False,True
True,True,True,True,True,True,True,True,False,True,True
True,True,True,True,True,True,False,False,False,False,True
True,True,True,True,True,True,False,False,False,False,True
True,True,True,True,True,True,True,True,True,False,True
True,True,True,True,True,True,True,True,False,False,True
True,True,False,True,False,False,False,False,False,False,True
True,True,False,True,True,True,True,False,False,False,True
True,True,False,False,True,True,False,False,True,False,True
True,True,True,True,True,True,False,False,False,False,True
True,True,True,True,True,True,False,False,False,True,True
True,True,True,True,True,True,False,False,False,False,True
True,True,True,True,True,True,False,False,False,False,True
True,True,True,True,True,True,False,True,False,False,True
True,True,True,True,True,True,False,False,True,False,True
True,False,True,True,True,True,False,False,False,False,True
True,True,True,True,True,True,False,False,True,False,True
True,True,True,True,False,False,False,False,False,False,True
True,False,True,True,False,False,False,False,False,False,True
True,True,True,True,True,True,False,True,True,True,True
True,True,True,True,True,True,False,True,True,True,True
True,True,True,True,True,True,False,False,True,False,True
True,True,True,True,True,True,False,False,True,False,True
True,False,True,True,True,True,False,False,False,True,True
True,True,True,True,True,True,False,False,False,False,True
True,True,True,True,True,True,False,False,False,False,True
False,True,False,True,True,True,False,False,False,False,True
True,True,False,True,False,False,False,False,False,False,True
True,False,True,True,True,True,False,False,False,False,True
True,True,False,True,True,True,True,False,False,False,True
True,True,True,True,True,True,False,False,False,True,True
False,False,False,True,False,False,False,False,False,True,True
False,False,True,True,True,True,False,False,False,True,True
False,False,False,True,True,True,False,False,False,False,True
True,True,True,True,True,True,True,False,False,False,True
True,True,True,True,True,True,True,False,False,False,True
True,True,True,True,False,False,True,False,False,False,True
True,True,True,True,True,True,False,False,False,False,True
False,False,False,True,True,True,False,False,False,False,True
False,False,True,True,True,False,False,False,False,False,True
True,False,True,False,False,False,False,False,False,False,True
False,False,True,True,True,True,False,False,False,False,True
False,False,True,True,True,True,False,False,False,False,True
True,False,True,True,True,True,False,False,False,False,True
False,False,False,True,True,True,False,False,False,False,True
False,False,True,True,True,True,False,False,False,False,True
False,False,False,False,True,True,False,False,True,False,True
True,True,True,False,True,True,False,False,True,False,True
False,False,True,True,False,False,False,False,False,False,True
True,False,True,True,True,True,False,False,False,False,True
True,False,True,True,True,True,False,False,False,False,True
True,True,False,True,False,False,False,False,False,False,True
True,True,True,True,True,True,False,False,True,False,True
True,True,True,True,True,True,False,False,True,False,True
True,True,True,True,False,False,False,False,False,False,True
True,True,True,True,True,True,False,False,False,False,True
False,False,False,True,False,False,False,False,False,False,True
True,True,True,True,True,True,True,True,False,False,True
True,True,True,True,True,True,True,True,False,False,True
True,False,True,True,False,False,False,False,False,False,True
True,True,True,True,True,True,False,False,False,False,True
True,True,True,True,True,True,False,False,False,False,True
True,True,True,True,True,True,True,True,False,False,True
True,True,True,True,True,True,False,True,False,False,True
True,True,True,True,True,True,False,True,False,True,True
True,True,True,True,True,True,True,True,False,False,True
False,True,True,True,True,True,False,False,False,False,True
False,False,True,True,True,True,False,False,False,False,True
True,False,True,True,True,True,False,False,False,True,True
True,False,True,True,False,False,False,False,False,False,True
False,True,False,True,True,True,False,False,False,True,True
True,True,False,True,True,True,False,False,False,False,True
True,True,True,True,True,True,True,True,False,False,True
True,True,True,True,True,True,False,True,False,False,True
True,True,True,True,True,True,True,True,False,False,True
True,True,True,True,True,True,True,True,False,False,True
True,True,True,True,True,True,False,False,False,False,True
True,True,True,True,True,True,True,True,False,False,True
True,True,True,True,True,True,False,False,False,False,True
True,True,True,True,True,True,True,True,False,False,True
True,True,True,True,True,True,True,True,False,False,True
True,True,True,True,True,True,True,True,False,False,True
True,True,True,True,True,True,True,True,False,False,True
True,True,True,True,True,True,True,True,True,False,True
True,True,True,True,True,True,True,True,True,True,True
True,True,True,True,True,True,True,True,True,False,True
True,True,True,True,True,True,True,True,False,False,True
True,True,False,True,True,True,False,True,False,False,True
True,True,False,False,False,False,True,True,False,False,True
True,True,False,True,True,True,True,True,False,False,True
True,True,False,False,False,False,False,False,False,False,True
True,True,True,True,True,True,False,False,False,False,True
True,True,False,True,True,True,False,True,False,False,True
True,False,True,False,False,False,False,False,False,False,False
True,False,False,False,False,True,True,True,False,False,True
True,False,True,False,True,True,False,False,False,False,True
True,True,False,False,False,True,True,True,False,False,True
True,False,False,False,False,True,False,False,False,False,True
True,True,True,True,True,True,False,False,False,False,True
True,True,True,True,True,True,False,False,False,False,True
False,False,True,True,True,True,True,False,False,False,True
True,True,True,True,False,False,False,False,False,False,True
True,True,True,True,False,False,False,False,False,False,True
True,True,True,True,True,True,False,False,False,False,True
True,True,True,True,True,True,False,False,False,False,True
True,True,True,True,False,False,False,False,False,False,True
True,True,True,True,True,True,True,True,False,False,True
True,True,False,True,True,True,False,True,False,False,True
True,True,True,True,True,True,True,True,False,False,True
True,True,True,True,True,True,True,True,True,False,True
True,True,True,True,True,True,True,True,True,False,True
True,True,True,True,True,True,True,True,False,False,True
True,True,True,True,True,True,True,True,False,False,True
False,False,True,False,True,True,False,False,True,True,True
True,True,True,True,True,True,False,True,False,False,True
True,True,True,True,True,True,True,True,False,False,True
True,True,False,False,False,True,True,True,False,False,True
True,True,True,True,True,True,False,True,False,True,True
True,True,True,True,True,True,True,True,True,True,True
True,True,True,True,True,True,True,True,False,True,True
True,True,True,True,True,True,False,False,False,True,True
True,True,True,True,True,True,False,True,False,True,True
True,True,True,True,True,True,False,True,False,True,True
True,True,True,True,True,True,True,True,False,True,True
True,True,True,True,True,True,False,True,False,True,True
True,True,True,True,True,True,True,True,False,False,True
True,False,True,True,True,True,True,True,False,False,True
True,True,True,False,True,True,True,True,False,False,True
True,True,True,True,True,True,True,True,True,False,True
True,True,True,True,True,True,True,True,True,False,True
True,True,True,False,False,False,False,False,True,False,False
True,True,True,True,True,True,True,False,False,False,True
True,True,True,True,True,True,True,False,False,False,True
True,True,True,True,True,True,True,False,False,False,True
True,True,True,True,True,True,True,True,False,False,True
True,True,True,False,False,False,True,True,False,False,True
True,True,True,True,True,True,False,False,True,False,True
True,True,True,False,False,True,True,True,False,False,True
True,True,False,True,True,True,False,True,False,False,True
True,True,True,True,True,True,True,False,False,False,True
True,True,True,True,True,True,True,False,False,True,True
True,True,True,True,True,True,True,False,False,True,True
True,True,True,True,True,True,True,True,False,False,True
True,True,False,True,True,True,True,True,False,False,True
False,False,True,False,False,False,True,True,False,False,True
False,False,False,False,False,False,True,True,False,False,True
True,True,True,True,True,True,True,True,False,False,True
True,True,True,True,True,True,True,True,False,False,True
True,True,True,True,True,True,True,True,False,False,True
True,True,False,True,True,True,True,True,False,False,True
True,True,True,True,False,True,True,True,False,False,True
True,True,True,True,True,True,True,True,False,False,True
True,True,True,True,True,True,True,True,False,False,True
True,True,False,False,False,False,True,True,False,False,True
True,True,True,True,True,True,False,False,True,False,True
True,True,False,False,False,True,True,True,False,False,True
True,True,False,False,True,True,False,False,False,False,True
True,True,True,True,True,True,False,True,True,False,True
True,True,True,True,True,True,False,False,False,False,True
True,True,True,True,True,True,True,False,False,False,True
True,True,True,True,True,True,False,False,False,False,True
True,True,True,True,True,True,True,False,False,False,True
True,True,True,True,True,True,True,False,False,False,True
True,True,True,True,True,True,True,False,True,False,True
True,True,True,True,True,False,True,False,False,False,True
True,True,True,True,True,False,True,False,False,False,True
False,False,True,True,True,True,False,True,False,False,True
True,False,True,True,True,True,False,False,False,False,True
True,True,True,True,True,True,True,False,True,False,True
True,True,True,True,True,False,True,False,False,False,True
True,True,True,True,True,True,True,False,False,False,True
True,False,True,True,True,False,True,False,False,False,True
False,False,True,False,False,False,True,False,False,False,True
False,False,True,True,False,False,True,False,False,False,True
True,True,True,True,True,True,True,True,True,True,True
True,True,True,True,True,True,True,True,True,True,True
True,True,True,True,True,True,True,True,True,True,True
True,True,True,True,True,True,True,False,False,False,True
True,True,True,True,True,True,True,False,False,False,True
False,False,False,False,True,True,False,False,False,False,True
True,True,True,True,True,True,True,True,False,False,True
True,True,True,True,True,True,True,True,True,False,True
False,False,False,True,False,True,False,True,False,True,True
True,True,True,True,True,True,True,False,False,True,True
True,True,True,True,True,True,True,False,False,False,True
True,False,True,True,True,True,True,False,False,False,True
True,True,True,True,True,True,True,False,False,False,True
True,True,True,True,True,True,True,True,True,True,True
True,True,True,True,True,True,True,True,False,False,True
True,True,False,True,True,True,True,True,True,False,True
True,True,True,True,True,True,True,True,False,False,True
True,True,True,True,True,True,False,True,False,False,True
True,True,False,True,True,True,True,True,False,False,True
True,True,True,True,True,True,True,True,False,True,True
False,True,True,True,True,True,True,True,False,False,True
True,True,True,True,True,True,True,True,False,False,True
True,True,True,True,True,True,False,True,True,False,True
True,True,True,True,True,True,False,False,False,False,True
False,False,True,True,True,True,False,False,False,False,True
True,True,True,True,True,True,False,False,False,False,True
True,True,True,True,True,True,False,False,False,False,True
True,True,True,True,True,True,False,True,True,False,True
True,True,True,True,True,True,False,False,False,False,True
True,True,True,True,True,True,False,False,False,False,True
True,True,True,True,True,True,False,False,False,False,True
False,True,True,True,True,True,False,False,False,False,True
False,True,True,True,True,True,False,False,False,False,True
False,False,True,True,True,True,False,False,False,False,True
False,False,True,True,True,True,False,True,True,False,True
False,False,True,False,True,True,False,False,False,False,True
False,False,True,True,True,True,False,True,True,False,True
True,True,True,True,True,True,False,False,False,False,True
True,True,True,True,True,True,True,True,True,False,True
True,True,True,True,True,True,True,True,True,False,True
True,True,True,True,True,True,True,True,False,False,True
False,False,True,True,True,True,True,True,False,False,True
False,False,True,True,True,True,False,False,False,False,True
False,False,True,True,True,True,False,False,True,False,True
False,True,True,True,True,True,False,True,False,False,True
True,True,True,True,True,True,False,False,False,False,True
True,True,True,True,True,True,False,False,False,False,True
True,True,True,True,True,True,False,False,False,False,True
True,False,False,False,False,False,False,False,False,False,True
True,True,True,True,True,True,True,True,True,False,True
True,True,True,True,True,True,True,True,True,True,True
True,True,True,True,True,True,True,True,False,False,True
True,True,True,True,True,True,True,True,True,False,True
True,True,True,True,True,True,False,False,False,False,True
True,True,True,True,True,True,False,False,False,False,True
True,True,True,True,True,True,False,False,False,False,True
True,True,True,True,True,True,True,False,False,False,True
True,True,True,True,True,True,False,True,False,False,True
True,True,True,True,True,True,False,False,False,False,True
True,True,True,True,True,True,False,True,False,False,True
True,True,True,True,True,True,False,False,False,False,True
True,True,True,True,True,True,True,True,False,False,True
True,True,True,True,True,True,False,False,False,False,True
True,True,False,True,True,True,False,True,False,False,True
True,True,False,True,True,True,True,True,False,False,True
True,True,True,True,True,True,True,True,False,False,True
True,True,False,True,False,False,False,False,False,False,True
True,True,True,False,False,False,True,True,False,False,True
True,True,True,True,False,False,True,True,False,False,True
True,True,True,True,True,True,True,False,False,False,True
True,True,True,True,True,True,True,True,False,False,True
True,True,True,True,True,True,False,False,False,False,True
True,True,True,True,True,True,True,True,True,False,True
True,True,True,True,True,True,False,False,False,False,True
True,True,True,True,True,True,True,True,False,False,True
True,True,True,True,True,True,True,False,True,False,True
True,True,True,False,False,True,True,True,False,False,True
True,True,True,True,True,True,True,True,False,False,True
True,True,True,True,True,True,False,False,False,False,True
True,True,True,True,True,True,False,False,False,False,True
True,True,True,True,True,True,False,True,False,False,True
True,True,True,True,False,False,True,True,False,False,True
True,False,True,True,False,False,False,False,False,False,True
True,True,True,True,True,True,True,True,False,True,True
True,True,True,True,True,True,True,True,False,False,True
True,True,True,True,False,True,True,True,False,False,True
True,True,False,False,False,False,False,True,False,False,True
True,True,True,True,True,True,True,True,False,True,True
True,True,True,True,True,True,False,False,False,True,True
True,True,True,True,True,True,False,False,False,True,True
True,True,True,True,True,True,False,True,False,True,True
True,True,True,True,True,True,False,False,False,True,True
True,True,True,True,True,True,False,False,False,True,True
True,True,True,True,True,True,True,False,False,False,True
True,True,True,True,True,True,True,True,False,False,True
True,True,True,True,True,True,True,True,True,True,True
True,True,True,True,True,True,True,True,True,True,True
True,True,True,True,True,True,True,True,True,True,True
True,True,True,True,True,True,True,True,True,True,True
True,True,True,True,True,True,True,True,True,True,True
True,True,True,True,True,True,True,True,False,True,True
True,False,False,False,True,False,False,False,False,False,True
True,True,False,False,False,False,True,True,False,False,True
False,False,True,False,False,False,True,True,False,False,True
False,False,False,False,True,True,False,True,False,False,True
False,False,False,False,True,True,False,True,False,False,True
True,True,True,True,True,True,True,False,False,False,True
False,False,False,True,False,False,False,False,False,False,True
True,True,True,True,True,True,False,False,False,False,True
True,True,True,True,True,True,True,True,False,False,True
True,True,False,True,True,True,False,True,False,False,True
True,True,False,False,True,True,False,True,False,False,True
True,True,True,True,True,True,False,True,False,False,True
True,True,True,True,True,True,False,False,False,False,True
True,True,False,True,True,True,False,True,False,False,True
True,True,True,True,True,True,True,True,True,True,True
False,True,True,True,True,True,True,True,True,True,True
True,True,True,True,True,True,True,True,True,True,True
True,True,True,True,True,True,False,False,True,True,True
True,True,True,True,True,True,True,True,False,False,True
True,True,True,True,True,True,True,True,False,False,True
True,True,True,True,True,True,True,True,False,False,True
False,False,False,True,True,False,False,True,False,False,True
False,False,False,True,True,True,False,False,False,False,True
False,False,True,True,True,True,False,True,False,True,True
True,True,True,True,True,True,False,False,False,True,True
True,True,True,True,True,True,False,False,False,False,True
True,True,True,True,True,True,True,True,False,False,True
True,True,True,True,True,True,False,True,False,False,True
True,True,True,True,True,True,True,True,False,True,True
True,True,True,True,True,True,True,True,False,True,True
True,True,True,True,True,True,False,False,False,True,True
False,False,True,True,True,False,False,False,False,True,True
False,False,True,True,True,True,False,False,False,True,True
False,False,True,True,False,False,False,True,False,False,True
False,False,True,True,True,True,True,False,False,True,True
True,False,True,True,True,True,True,False,False,True,True
False,False,True,False,False,False,False,False,False,False,True
True,False,True,True,True,True,False,False,False,False,True
False,False,False,True,False,False,False,False,False,False,True
False,False,True,True,True,True,True,False,False,False,True
False,False,True,True,True,True,True,True,False,False,True
True,True,True,True,True,True,True,False,False,False,True
True,True,False,False,False,False,False,False,False,False,True
True,True,True,True,True,True,True,False,False,False,True
True,True,True,True,True,True,False,False,False,False,True
False,False,False,False,True,False,False,False,False,False,True
True,True,True,True,True,True,True,True,False,False,True
True,True,True,True,True,True,False,True,False,False,True
True,True,True,True,True,True,False,True,False,False,True
True,False,False,True,True,False,False,False,False,False,True
True,True,True,True,True,True,True,True,False,False,True
True,True,True,True,True,True,True,True,False,False,True
True,False,False,True,False,False,False,True,False,False,True
True,True,True,True,True,True,False,False,False,False,True
True,True,True,True,True,True,True,True,False,False,True
True,True,True,True,True,True,False,False,False,True,True
True,True,True,True,False,False,False,False,False,False,True
True,True,True,True,True,True,False,True,False,False,True
False,False,True,True,False,False,False,True,False,False,True
True,True,True,True,False,False,True,True,False,True,True
True,True,True,True,False,False,False,False,False,False,True
True,True,True,True,True,True,False,False,False,True,True
True,True,True,True,False,False,False,False,False,True,True
True,True,True,True,True,True,False,False,False,False,True
False,False,True,True,True,True,False,False,False,True,True
False,False,True,True,False,False,False,False,False,False,True
True,True,False,True,True,True,False,False,False,False,True
True,True,True,True,True,True,False,False,False,False,True
True,True,True,True,True,True,False,False,False,False,True
False,False,False,True,False,False,False,False,False,False,True
True,True,True,False,False,False,True,True,False,False,True
False,False,True,False,False,False,False,False,False,False,True
True,False,False,False,False,False,False,True,False,False,True
True,True,True,False,False,False,False,False,False,False,True
True,True,True,True,True,True,False,True,False,False,True
False,False,False,False,False,False,False,False,False,False,True
True,False,True,True,False,False,False,False,False,False,True
True,False,True,True,True,True,False,False,False,False,True
True,True,True,True,True,True,False,False,False,False,True
True,False,False,True,False,False,False,True,False,False,True
True,True,True,True,True,True,False,False,False,True,True
True,True,True,True,True,True,True,True,False,False,True
True,True,True,True,True,True,False,False,False,False,True
True,True,True,True,True,True,False,False,False,False,True
True,True,True,True,True,True,False,False,False,False,True
True,True,True,True,True,True,False,True,False,False,True
True,True,True,True,True,True,False,False,False,False,True
True,True,True,True,True,True,True,False,False,False,True
True,True,True,True,True,True,False,False,False,True,True
True,True,True,True,True,True,True,False,False,True,True
True,True,True,True,True,True,False,False,False,True,True
True,True,True,True,True,True,False,False,False,False,True
True,False,False,True,False,False,False,False,False,False,True
True,True,False,True,True,True,False,True,False,False,True
True,True,True,True,True,True,False,False,False,False,True
True,True,True,True,True,True,True,False,True,False,True
True,True,True,True,True,True,False,False,False,False,True
True,True,True,True,True,True,False,False,False,False,True
True,True,True,True,True,True,False,False,False,False,True
True,False,True,True,True,True,False,False,False,False,True
True,True,True,True,True,True,False,False,False,False,True
True,True,True,True,True,True,False,False,False,True,True
True,True,False,True,True,True,False,False,False,False,True
True,True,True,True,True,True,False,False,False,False,True
True,True,True,True,True,True,True,True,False,False,True
False,False,True,True,True,True,False,False,False,False,True
False,False,True,True,True,True,False,False,False,False,True
False,False,True,True,True,True,False,False,False,False,True
False,False,True,True,True,True,False,False,False,False,True
False,False,True,True,True,False,False,False,False,False,True
False,False,True,True,True,True,False,False,False,False,True
False,False,True,True,True,True,False,False,False,False,True
False,False,True,True,True,True,False,False,False,True,True
False,False,True,True,True,True,False,False,False,False,True
True,True,True,True,True,True,False,True,False,False,True
True,True,True,True,True,True,True,True,False,False,True
True,True,True,True,True,True,True,True,False,False,True
False,False,True,True,True,True,True,True,True,False,True
True,False,True,False,True,True,False,False,False,False,True
True,True,False,False,False,False,False,True,False,False,True
True,True,False,True,True,True,False,False,False,False,True
True,True,True,True,True,True,False,True,False,False,True
True,True,True,True,True,True,False,True,False,False,True
True,True,False,True,True,True,False,False,False,True,True
True,True,False,False,False,False,True,True,False,False,True
True,True,True,True,True,True,False,True,False,False,True
True,True,True,True,True,True,False,False,False,False,True
True,True,True,False,False,True,True,False,False,False,True
True,True,True,True,True,True,False,False,True,False,True
True,False,False,False,True,True,True,False,False,False,True
True,True,True,True,True,True,True,False,False,False,True
True,False,True,False,False,True,True,False,False,False,True
True,False,True,False,False,False,True,False,False,False,True
True,True,False,False,False,False,True,False,False,False,True
True,True,False,False,False,True,False,False,False,False,True
True,True,False,True,True,True,False,False,False,False,True
True,True,True,True,True,True,False,False,False,False,True
True,True,True,True,True,True,False,False,False,False,True
True,True,True,True,True,True,True,True,False,False,True
True,True,True,True,True,True,False,True,False,False,True
True,True,True,False,False,False,True,True,False,False,True
True,True,True,False,False,False,True,True,False,False,True
True,True,False,False,False,False,False,False,False,False,True
True,True,True,True,True,True,True,False,True,False,True
True,True,False,True,True,True,False,False,False,False,True
True,True,True,True,True,True,False,False,False,True,True
True,True,True,True,True,True,False,False,False,False,True
True,True,True,True,True,True,True,True,False,False,True
True,True,True,True,True,True,False,False,False,False,True
True,True,False,True,True,True,False,True,False,False,True
True,True,True,True,True,True,True,True,False,False,True
True,False,True,False,False,True,False,True,False,False,True
True,True,True,True,True,True,True,True,True,False,True
True,True,True,True,True,True,False,False,False,False,True
True,True,True,True,True,True,True,False,False,False,True
True,True,False,False,False,False,True,True,False,False,True
True,True,True,True,True,True,True,False,False,False,True
True,True,True,True,True,True,True,False,False,False,True
True,True,True,True,False,True,True,False,False,False,True
True,True,True,True,True,True,True,True,False,False,True
True,True,False,True,False,False,False,True,False,False,True
False,False,False,False,False,False,False,False,False,False,True
False,True,True,True,True,True,False,True,False,False,True
False,True,True,True,True,True,False,True,False,False,True
False,True,True,True,True,True,True,True,False,False,True
False,True,True,True,True,True,False,True,False,False,True
False,True,True,True,True,True,False,True,False,False,True
False,False,False,True,False,False,False,True,False,False,True
False,False,True,False,False,True,True,True,False,False,True
True,True,True,True,True,True,True,True,False,False,True
True,True,True,True,True,True,True,False,False,False,True
True,True,True,True,True,True,True,False,False,False,True
True,True,True,True,True,True,True,False,False,False,True
True,True,True,False,False,False,True,False,False,False,True
True,True,False,True,True,True,False,False,False,False,True
True,True,True,True,True,True,True,True,False,False,True
True,True,True,True,True,True,True,True,False,False,True
False,False,True,True,True,True,True,True,False,False,True
True,True,True,True,True,True,False,True,False,False,True
True,True,True,True,True,True,False,True,False,False,True
True,True,True,True,True,True,False,False,False,False,True
True,True,True,True,True,True,False,False,False,False,True
True,True,True,True,True,True,True,False,False,False,True
True,True,True,True,True,True,True,False,False,False,True
True,True,True,True,True,True,True,False,False,False,True
False,False,False,False,True,True,False,False,False,False,True
True,False,False,False,False,False,True,False,False,False,True
True,True,False,False,False,False,False,False,False,False,True
True,True,True,True,True,True,False,False,False,False,True
True,True,False,True,False,False,True,True,False,False,True
True,False,True,True,True,True,False,False,False,True,True
True,False,True,True,True,True,False,False,False,False,True
True,False,True,True,True,True,True,True,False,False,True
True,False,False,True,True,True,True,True,False,True,True
True,False,True,True,False,True,True,True,False,True,True
False,False,True,True,True,True,False,False,False,False,True
True,True,True,True,True,True,False,False,False,True,True
False,False,True,True,True,True,False,False,False,True,True
False,False,True,True,True,True,False,False,False,True,True
False,False,False,True,False,True,True,False,False,False,True
False,False,False,True,False,False,True,False,False,False,True
False,False,False,True,True,True,False,False,False,False,True
False,False,True,True,True,True,False,False,False,False,True
False,False,True,True,True,True,True,False,False,True,True
True,False,False,True,False,False,False,True,False,False,True
False,False,True,True,False,False,False,False,False,False,True
False,False,True,True,True,True,False,False,False,False,True
False,False,True,True,True,True,False,False,False,False,True
False,False,True,True,False,False,False,False,False,False,True
False,False,True,True,False,False,False,False,False,False,True
False,False,True,False,False,False,True,True,False,False,True
False,False,True,False,False,False,True,True,False,False,True
True,True,True,True,True,True,True,True,False,False,True
True,True,True,True,True,True,False,False,False,False,True
True,True,True,True,True,True,False,False,False,False,True
True,True,True,True,True,True,False,False,False,False,True
True,True,True,True,True,True,True,False,False,False,True
True,True,True,True,True,True,False,False,False,True,True
True,True,True,True,True,True,False,False,False,True,True
True,True,True,True,True,True,True,False,False,False,True
True,True,True,True,True,True,False,False,False,False,True
True,True,True,True,True,True,True,False,False,False,True
True,True,True,True,True,True,True,False,False,False,True
True,True,True,True,True,True,True,True,False,False,True
True,False,True,True,True,True,True,True,False,False,True
True,True,True,True,True,False,True,False,False,False,True
True,False,False,False,False,False,False,False,False,False,True
True,False,False,True,False,True,False,False,False,False,True
True,False,True,False,False,False,True,False,False,False,True
True,True,True,True,True,True,True,True,False,False,True
False,False,True,True,True,True,False,False,False,False,True
True,False,True,True,True,True,False,False,False,False,True
False,False,True,True,True,True,False,False,False,False,True
False,False,False,True,False,False,False,False,False,False,True
True,True,True,True,True,True,False,False,False,False,True
True,True,True,True,True,True,False,False,False,False,True
False,True,True,True,True,True,False,False,False,False,True
True,False,True,True,True,True,True,False,False,False,True
True,True,True,True,True,True,False,False,False,False,True
False,False,True,True,False,True,False,False,False,False,True
True,True,False,False,False,True,True,True,False,False,True
True,True,False,True,False,True,True,True,False,False,True
True,True,True,True,True,True,True,False,True,True,True
True,True,True,True,True,True,False,False,False,False,True
True,True,True,True,True,True,True,True,False,False,True
False,False,True,False,True,False,False,False,False,True,True
False,False,True,False,True,False,True,False,False,False,True
False,False,True,False,True,True,True,True,False,True,True
True,False,False,True,True,True,False,False,False,True,True
False,False,False,True,True,False,False,False,False,True,True
True,False,True,True,False,False,True,False,False,False,True
True,False,False,True,True,True,True,True,False,False,True
True,False,False,True,False,True,False,True,False,False,True
True,True,False,False,False,False,False,True,False,False,True
True,True,False,False,False,False,False,False,False,False,True
True,True,True,True,True,True,False,False,False,True,True
True,True,True,False,False,False,False,False,False,False,True
True,True,True,True,True,True,True,False,False,True,True
True,True,True,True,True,True,True,False,False,False,True
True,True,True,True,True,True,False,False,False,False,True
True,True,True,True,True,True,True,True,False,False,True
True,True,False,True,True,True,False,True,False,False,True
True,True,True,True,True,True,True,True,False,False,True
True,True,True,True,True,True,False,False,False,False,True
True,True,False,False,False,False,False,False,False,False,True
True,True,False,False,False,False,False,True,False,False,True
True,True,False,False,False,True,False,False,False,False,True
True,True,True,True,True,True,True,True,True,False,True
True,True,True,True,True,True,True,True,False,False,True
True,True,True,True,True,True,True,True,False,False,True
True,True,True,True,True,True,False,False,False,False,True
True,True,True,True,True,True,False,False,False,False,True
True,True,True,True,True,True,False,False,False,False,True
True,True,True,True,True,True,False,False,True,False,True
True,True,True,True,True,True,False,False,True,False,True
True,True,True,True,True,True,False,False,True,False,True
True,True,True,True,True,True,False,False,True,False,True
True,True,True,True,True,True,False,True,True,False,True
True,True,True,True,True,True,False,False,False,False,True
True,True,True,True,True,True,True,True,False,False,True
True,True,True,True,True,True,True,True,False,False,True
True,True,True,True,True,True,False,False,False,False,True
True,True,True,True,True,True,False,False,False,False,True
True,True,True,False,False,False,False,False,False,False,True
True,True,False,False,False,False,False,True,False,False,True
True,True,False,False,False,False,False,True,False,False,True
True,True,False,False,False,False,False,True,False,False,True
False,False,True,True,False,False,False,False,False,True,True
True,True,True,True,True,True,False,False,False,False,True
True,True,True,True,True,True,False,False,False,False,True
False,False,True,False,True,True,False,False,False,False,True
True,True,True,False,False,False,False,False,False,False,True
False,False,True,False,False,False,False,False,False,False,True
True,True,True,True,True,True,False,False,False,False,True
True,True,True,True,True,True,False,False,False,False,True
True,True,True,True,True,True,False,False,False,False,True
True,True,True,True,True,True,False,False,False,False,True
True,False,True,False,False,True,False,False,False,False,True
False,False,False,True,True,True,False,True,False,False,True
False,True,False,True,True,True,True,True,False,False,True
False,False,False,True,True,True,True,True,False,False,True
True,True,True,True,True,True,True,True,False,False,True
False,True,False,True,True,True,False,False,False,False,True
True,False,True,False,False,False,False,False,False,False,True
True,False,True,True,True,True,False,False,False,False,True
True,False,True,False,True,True,False,False,False,False,True
True,True,True,True,True,True,False,False,False,False,True
True,False,True,True,True,True,False,False,False,False,True
True,False,True,True,False,False,False,False,False,True,True
True,False,True,True,False,False,True,True,False,False,True
True,True,True,True,True,True,False,True,True,False,True
True,True,False,True,True,True,True,False,False,False,True
True,True,True,True,True,True,True,True,False,False,True
True,True,True,True,True,True,False,False,False,True,True
True,True,True,True,True,True,True,True,False,True,True
True,True,True,True,True,True,False,True,False,False,True
True,True,True,True,True,True,False,False,False,False,True
True,True,True,True,True,True,False,False,False,False,True
False,False,True,True,True,True,False,False,False,False,True
True,True,True,True,True,True,True,True,False,False,True
False,False,True,True,True,True,False,False,False,False,True
False,False,True,True,True,True,False,False,False,False,True
True,True,True,True,True,True,False,False,False,False,True
True,True,True,True,True,True,True,True,False,True,True
True,True,True,True,True,True,True,True,False,True,True
True,False,True,True,True,True,False,True,False,True,True
True,True,True,True,True,True,True,True,False,False,True
True,True,True,True,True,True,True,True,False,False,True
True,True,True,True,True,True,True,True,False,False,True
True,True,True,False,False,True,False,False,False,False,True
True,True,True,True,True,True,False,False,False,False,True
True,True,False,False,False,False,False,False,False,False,True
True,True,True,True,True,True,True,True,False,False,True
True,False,False,False,False,False,True,True,False,False,True
False,False,False,False,True,True,True,True,False,False,True
True,True,False,True,True,True,True,True,False,False,True
True,True,True,True,True,True,True,True,False,False,True
True,True,True,True,True,True,True,True,True,True,True
True,True,True,True,True,True,True,True,False,False,True
True,True,True,True,True,True,True,True,False,False,True
True,True,True,True,True,True,True,True,False,False,True
True,True,True,True,True,True,True,True,False,False,True
True,False,True,True,True,True,False,False,False,False,True
True,False,False,False,False,False,False,False,False,False,True
True,True,True,True,True,True,False,False,True,False,True
False,False,True,True,True,True,False,False,False,False,True
True,True,True,True,True,True,False,False,False,True,True
True,True,True,True,True,False,False,False,False,False,True
True,True,True,True,True,True,True,False,False,False,True
True,False,True,True,True,True,False,False,False,False,True
True,True,True,True,True,True,False,False,False,False,True
True,True,True,True,True,True,False,True,False,False,True
True,True,True,True,True,True,False,False,False,False,True
True,True,False,False,False,False,False,False,False,False,True
True,True,True,True,True,True,False,False,False,False,True
True,True,True,True,True,True,True,False,False,False,True
True,True,True,True,True,True,False,False,False,False,True
False,False,True,True,False,False,False,False,False,False,True
True,True,True,False,False,False,True,False,False,False,True
True,True,True,True,True,True,True,True,False,False,True
True,True,True,True,True,True,True,True,False,False,True
True,True,True,True,True,True,True,True,False,False,True
False,False,True,True,True,True,False,False,False,False,True
False,False,False,True,True,True,False,True,False,False,True
True,False,False,True,True,True,False,True,False,False,True
True,False,False,True,True,True,False,True,False,False,True
True,False,False,True,True,True,False,True,False,False,True
False,True,True,False,False,True,True,False,False,False,True
True,False,True,False,False,True,False,False,False,False,True
True,False,True,True,True,True,False,False,False,False,True
True,True,True,True,True,True,False,False,False,True,True
True,True,True,True,True,True,False,False,False,True,True
True,True,True,True,True,True,False,False,False,True,True
True,True,True,True,True,True,False,False,False,True,True
True,False,True,True,True,True,False,False,False,False,True
True,False,True,True,True,True,False,False,False,False,True
True,False,True,True,True,True,False,False,False,False,True
True,True,True,True,True,True,False,False,False,False,True
True,False,False,False,False,False,False,True,False,False,True
True,False,False,False,False,False,True,True,False,False,True
True,True,False,False,False,False,False,True,False,False,True
True,True,True,True,True,True,True,True,False,False,True
True,True,True,False,False,False,True,True,False,False,True
True,True,False,False,False,True,True,True,False,False,True
True,True,True,True,True,True,True,True,False,True,True
True,True,True,True,True,True,False,False,False,False,True
False,False,True,False,False,False,True,False,False,False,False
True,True,True,True,True,True,True,True,False,False,True
True,True,True,True,True,True,True,True,False,False,True
True,True,True,True,True,True,True,True,False,False,True
True,True,True,True,True,True,True,True,False,False,True
True,True,False,False,False,False,False,False,False,False,True
True,True,False,False,False,False,False,False,False,False,True
True,True,True,True,True,True,False,False,False,False,True
True,True,True,True,True,True,True,True,False,False,True
True,True,True,False,False,False,False,False,False,False,True
True,True,True,False,False,False,False,False,False,False,True
True,True,True,False,False,False,False,True,False,False,True
True,True,True,False,False,False,False,True,False,False,True
True,True,True,True,True,True,True,True,False,False,True
True,True,True,True,True,True,True,True,False,False,True
True,False,True,True,True,True,True,False,False,False,True
False,False,True,True,True,True,True,True,False,False,True
True,True,True,True,True,True,True,True,False,False,True
True,True,True,True,True,True,True,True,False,False,True
True,True,True,True,True,True,True,True,False,False,True
True,True,True,True,True,True,True,True,False,False,True
False,True,True,True,True,True,False,False,False,False,True
False,False,True,True,False,False,False,False,False,True,True
False,False,True,True,False,True,False,False,False,True,True
True,True,True,True,True,True,False,True,True,False,True
True,True,True,True,True,True,True,True,False,False,True
True,True,True,True,True,True,False,True,True,False,True
False,False,False,True,False,False,False,False,False,False,True
True,True,True,True,True,True,False,False,True,True,True
False,True,True,True,True,True,False,False,True,False,True
True,True,True,True,True,True,False,False,False,True,True
True,True,True,True,True,True,False,False,True,False,True
True,True,True,True,True,True,False,False,False,True,True
False,True,True,True,True,True,False,False,False,False,True
True,True,True,True,True,True,False,False,True,False,True
False,False,True,True,True,True,False,False,True,False,True
False,False,True,True,True,True,False,False,False,False,True
False,False,True,True,False,False,False,False,False,False,True
False,False,False,False,False,False,False,False,True,False,True
True,False,False,False,False,False,False,False,False,False,True
False,True,False,False,False,False,False,False,False,False,True
True,False,False,False,False,False,False,False,False,False,True
False,False,False,False,False,False,False,True,False,False,True
True,True,True,True,True,True,True,True,False,True,True
True,False,True,True,True,True,True,True,False,False,True
False,False,False,True,True,True,True,True,False,False,True
True,False,True,True,True,True,True,True,False,False,True
False,False,True,True,True,True,True,True,False,False,True
True,True,True,True,True,True,True,False,False,False,True
True,False,True,False,False,True,False,False,False,True,True
False,False,True,True,True,True,False,False,False,True,True
True,True,True,True,False,False,False,False,False,False,True
True,True,True,True,True,True,True,True,False,False,True
True,True,True,False,False,False,False,False,False,False,True
True,True,True,True,True,True,True,True,False,False,True
True,False,True,True,True,True,True,False,False,False,True
True,False,True,True,True,True,True,True,False,False,True
True,True,True,True,False,False,False,True,False,False,True
True,True,True,True,False,False,False,True,False,False,True
True,True,False,False,False,False,True,True,False,False,True
True,False,False,False,False,False,True,False,False,False,True
True,True,False,False,True,True,False,False,False,False,True
True,True,True,False,True,True,False,False,False,False,True
True,False,False,False,False,True,False,False,False,False,True
True,True,True,True,True,True,False,True,True,True,True
True,True,True,True,True,True,False,False,True,True,True
True,True,True,True,True,True,False,True,True,True,True
False,False,False,True,True,True,False,False,False,True,True
True,True,True,True,True,True,False,True,False,True,True
True,True,False,False,False,False,False,False,False,False,True
True,True,True,True,True,True,True,True,True,True,True
True,True,True,True,True,True,True,True,True,True,True
True,True,True,True,True,True,False,False,False,False,True
True,True,True,True,True,True,False,False,False,False,True
True,True,True,True,True,True,False,True,False,False,True
True,True,True,True,True,True,True,True,False,False,True
True,True,True,True,True,True,True,True,True,False,True
True,True,True,True,True,True,True,True,True,False,True
True,True,True,True,True,True,False,False,False,False,True
True,True,False,True,True,True,True,True,False,False,True
True,True,True,True,True,True,True,True,False,False,True
True,True,True,True,True,True,True,True,True,True,True
True,True,True,True,True,True,True,True,False,False,True
True,True,False,False,False,False,False,False,False,False,True
True,False,True,True,True,True,False,False,False,False,True
True,False,True,True,True,True,False,False,False,False,True
True,False,True,True,True,True,False,False,False,False,True
True,True,True,True,True,True,False,False,False,False,True
True,True,True,True,True,True,False,False,False,False,True
True,True,True,True,True,True,False,False,False,True,True
True,True,True,True,True,True,False,False,False,False,True
True,True,True,True,True,True,True,True,False,False,True
True,True,True,True,True,True,True,True,False,False,True
True,True,True,True,False,False,True,True,False,False,True
True,True,True,True,True,True,False,False,False,False,True
True,True,True,True,True,True,True,True,False,True,True
True,True,True,True,True,True,True,True,False,False,True
True,True,True,True,False,False,True,True,False,False,True
True,True,True,True,True,True,False,False,False,False,True
True,True,True,False,False,False,False,False,False,False,True
True,True,True,True,True,True,False,False,False,False,True
True,True,False,True,True,True,True,True,False,False,True
True,True,True,True,True,True,True,True,False,False,True
True,True,True,True,True,True,False,False,False,False,True
True,True,True,True,True,True,True,False,False,False,True
True,True,False,True,True,True,True,True,False,False,True
True,True,True,True,True,True,True,False,False,False,True
True,True,True,True,True,True,True,False,False,False,True
True,True,True,True,True,True,True,False,False,False,True
True,False,True,True,True,True,False,False,False,False,True
True,True,True,True,True,True,False,False,False,False,True
True,False,True,True,False,False,False,False,False,False,True
True,False,True,True,False,False,False,False,False,True,True
False,False,True,True,False,False,False,False,False,False,True
True,True,True,True,True,True,False,False,False,False,True
True,False,True,True,True,True,False,False,False,False,True
False,False,True,True,False,False,False,False,False,False,True
True,True,True,True,True,True,False,True,True,False,True
False,True,True,True,True,True,False,False,False,False,True
False,False,True,True,False,False,False,False,False,False,True
False,False,False,False,False,False,False,False,False,False,True
False,False,False,True,True,True,False,False,False,False,True
False,False,False,True,True,True,False,False,False,False,True
True,True,True,True,True,True,False,False,False,False,True
True,True,True,True,True,True,True,False,False,False,True
False,False,True,True,True,True,False,False,False,False,True
True,True,True,True,True,True,False,False,False,False,True
False,False,False,True,True,True,False,False,False,True,True
True,True,True,True,True,True,False,False,False,False,True
True,True,True,True,True,True,False,False,False,False,True
True,True,True,True,True,True,False,False,False,False,True
True,True,True,True,True,True,False,False,False,False,True
True,False,True,True,True,True,False,False,False,False,True
True,False,True,True,False,True,False,False,False,False,True
False,False,False,False,False,True,False,False,False,False,True
False,False,True,True,False,False,False,False,False,False,True
False,False,True,True,False,False,False,False,False,False,True
True,True,True,True,True,True,False,False,False,False,True
False,True,True,True,True,True,False,False,False,True,True
False,False,False,False,False,False,False,False,False,True,True
False,False,True,False,False,False,True,True,True,True,True
True,True,True,True,True,True,False,False,False,False,True
True,True,True,True,True,True,False,True,False,False,True
True,True,True,True,True,True,False,False,False,False,True
True,True,True,True,True,True,True,True,False,False,True
True,True,True,True,False,False,True,True,False,False,True
True,True,True,True,True,True,False,False,False,False,True
True,True,True,True,False,False,True,True,False,False,True
True,True,True,True,True,False,True,True,False,False,True
True,True,True,True,True,True,True,True,False,False,True
True,True,True,True,True,True,True,True,False,False,True
True,True,True,True,True,True,True,True,False,False,True
True,False,False,True,True,True,False,False,False,False,True
True,True,True,True,True,True,False,False,False,True,True
True,True,True,True,True,True,False,False,False,False,True
True,True,True,True,True,True,False,False,False,False,True
True,True,True,True,True,True,False,False,False,False,True
True,True,True,True,True,True,False,False,False,False,True
False,False,True,False,False,True,False,False,False,False,True
True,True,True,True,True,True,True,False,False,False,True
True,True,True,True,True,True,True,True,False,False,True
True,True,True,False,False,False,True,True,False,False,True
False,True,False,True,True,True,True,True,False,True,True
False,True,False,True,True,True,True,True,False,False,True
True,True,True,True,True,True,True,True,False,False,True
True,True,True,True,True,True,True,True,False,False,True
False,True,True,True,True,True,False,True,False,False,True
True,False,False,True,True,True,False,False,False,False,True
False,False,True,False,False,False,True,False,False,False,True
True,True,True,True,True,True,False,False,False,False,True
False,False,False,False,False,False,True,True,False,True,True
False,False,False,False,True,True,False,True,False,False,True
True,True,True,True,True,True,True,True,False,False,True
True,True,True,True,True,True,True,True,False,False,True
True,True,True,True,True,True,True,True,False,True,True
True,True,True,False,False,False,True,True,False,False,True
True,True,True,True,True,True,True,True,True,True,True
True,True,True,True,True,True,True,True,True,True,True
True,True,True,True,True,True,True,True,True,True,True
False,True,True,True,True,True,False,True,False,False,True
False,True,True,True,True,True,True,True,False,False,True
False,True,True,False,False,True,False,False,False,False,True
True,True,False,True,True,True,True,True,True,True,True
True,True,True,True,True,True,False,False,False,False,True
True,False,True,True,True,True,True,False,False,False,True
True,True,True,True,True,True,False,False,False,False,True
True,True,True,False,False,False,True,False,False,False,True
True,True,True,False,False,False,True,False,False,False,True
True,True,True,True,True,True,False,False,False,False,True
True,True,True,True,True,True,False,False,False,False,True
True,True,False,True,False,True,False,False,False,False,True
True,True,True,True,True,True,True,True,False,False,True
True,True,True,True,True,True,True,True,False,False,True
True,True,True,True,True,True,True,True,False,False,True
True,True,False,True,True,True,False,True,False,False,True
True,False,False,True,False,True,False,True,False,False,True
True,True,False,False,False,False,True,True,False,False,True
True,True,True,True,True,True,False,True,True,True,True
True,True,True,True,True,True,False,False,False,False,True
False,True,True,True,True,True,False,False,False,False,True
True,True,True,True,True,True,False,False,False,False,True
True,True,False,False,False,False,True,False,False,False,True
True,True,False,False,False,False,False,False,False,False,True
True,False,True,True,True,True,False,False,False,False,True
True,True,True,True,True,True,True,True,False,False,True
True,True,True,True,True,True,False,False,True,False,True
True,True,True,True,True,True,False,False,False,False,True
True,True,True,True,True,True,True,False,False,False,True
True,True,True,True,True,True,True,False,False,False,True
True,True,True,True,True,True,True,False,False,False,True
True,True,True,True,True,True,True,True,False,False,True
True,True,True,True,True,True,True,False,False,False,True
True,True,True,True,True,True,True,True,False,False,True
False,False,True,True,True,True,False,False,False,False,True
True,True,True,True,True,True,False,False,False,False,True
True,True,True,True,True,True,False,True,True,False,True
True,True,True,True,True,True,False,False,True,False,True
True,True,True,True,True,True,True,True,False,False,True
True,True,True,True,True,True,False,False,False,False,True
True,True,False,True,True,True,False,False,True,False,True
True,True,True,True,True,True,False,False,False,False,True
True,True,True,True,True,True,False,False,True,True,True
True,True,True,True,True,True,False,False,False,False,True
True,True,True,True,True,True,True,True,False,False,True
True,True,True,True,True,True,True,True,False,False,True
False,False,True,True,True,True,True,True,True,True,True
False,False,True,False,True,True,False,False,True,True,True
True,True,True,True,True,True,False,False,False,False,True
True,True,True,False,False,False,True,True,False,False,True
True,True,True,True,True,True,True,True,False,False,True
True,True,True,True,True,True,True,False,False,True,True
True,True,True,True,True,True,False,False,False,False,True
True,True,False,False,False,True,True,False,False,False,True
True,False,True,True,False,False,True,False,False,True,True
False,False,True,True,False,False,True,False,False,False,True
True,True,True,True,True,True,True,True,False,False,True
True,True,True,True,True,True,True,True,True,False,True
True,True,True,True,True,True,False,True,False,False,True
True,True,True,True,True,True,True,True,True,False,True
True,True,True,True,True,True,False,False,False,False,True
True,False,True,True,True,True,False,False,False,False,True
True,False,True,True,True,True,False,False,False,False,True
True,True,True,True,True,True,False,False,False,False,True
True,True,True,True,False,False,False,False,False,False,True
True,True,True,True,False,False,True,True,False,False,True
True,True,True,True,True,True,False,True,False,False,True
True,True,True,True,True,True,True,True,False,False,True
True,True,True,True,True,True,False,True,False,False,True
True,True,False,True,True,True,False,True,False,False,True
True,True,False,True,False,False,False,False,False,False,True
True,True,True,True,True,True,True,True,False,False,True
True,True,True,True,True,True,True,True,False,False,True
True,True,False,True,True,True,True,True,False,False,True
True,True,False,True,True,True,False,True,False,False,True
True,True,True,True,True,True,True,False,False,True,True
True,True,True,True,True,True,False,True,False,False,True
True,True,True,True,True,True,False,False,False,False,True
True,True,True,True,True,True,False,True,False,False,True
True,True,True,True,True,True,False,False,False,False,True
True,True,True,False,True,True,True,False,False,False,True
True,False,False,False,True,True,False,False,False,False,True
True,True,True,True,True,True,False,False,False,False,True
True,True,True,True,True,True,False,False,False,False,True
True,True,True,True,True,True,True,True,True,True,True
True,True,True,True,True,True,False,False,False,False,True
True,True,True,True,True,True,False,False,True,True,True
False,False,True,True,True,True,True,True,False,False,True
True,True,True,True,True,True,True,False,False,True,True
True,True,False,True,True,True,False,True,False,True,True
True,True,True,True,True,True,True,True,False,False,True
True,True,True,True,True,True,False,False,False,False,True
True,True,True,True,True,True,True,True,False,False,True
True,True,True,True,True,True,True,True,False,False,True
True,False,True,False,False,False,True,True,False,False,True
True,False,True,True,True,True,False,False,False,False,True
True,True,True,True,True,True,True,True,False,False,True
False,False,True,False,False,False,True,True,False,False,True
True,False,True,True,True,True,True,False,False,False,True
False,False,True,False,False,False,True,False,False,False,True
False,False,True,False,False,False,True,False,False,False,True
True,False,True,False,False,False,True,True,False,False,True
True,True,True,True,True,True,True,False,False,False,True
True,True,True,True,True,True,True,False,False,False,True
True,True,False,True,True,True,True,True,False,False,True
True,False,False,False,False,False,False,True,False,False,True
True,True,True,False,True,True,True,True,False,False,True
True,True,False,False,False,True,True,True,False,False,True
True,True,True,True,True,True,True,False,False,False,True
True,True,True,True,True,True,False,False,False,False,True
True,True,True,True,True,True,False,False,False,False,True
True,True,False,False,False,True,True,True,False,False,True
True,True,True,True,True,True,True,True,False,False,True
True,True,True,True,True,True,True,True,False,False,True
True,True,False,False,False,False,True,True,False,False,True
True,True,True,True,True,True,False,True,False,True,True
True,True,True,True,True,True,True,True,False,False,True
True,True,True,True,True,True,False,False,False,False,True
True,True,True,True,True,True,False,False,False,False,True
True,False,True,True,True,True,False,True,False,False,True
True,True,True,True,True,True,False,False,False,False,True
True,True,True,True,True,True,True,True,False,False,True
True,True,True,True,True,True,True,True,False,False,True
True,True,True,True,True,True,False,False,False,False,True
True,True,True,True,True,True,True,True,False,False,True
True,True,False,False,False,False,False,True,False,False,True
True,True,True,True,True,True,True,True,False,False,True
False,False,True,False,False,False,False,False,False,False,True
False,False,False,False,False,False,False,True,False,False,True
True,True,True,True,True,True,False,False,True,True,True
True,True,True,True,True,True,True,True,True,False,True
False,False,False,True,True,True,False,False,False,False,True
True,True,True,True,True,True,True,True,False,False,True
True,True,True,True,True,True,True,True,False,False,True
True,False,False,True,True,True,True,True,False,False,True
True,False,False,False,False,False,False,False,False,False,True
True,True,True,True,True,True,True,True,False,False,True
True,True,True,True,True,True,True,True,False,False,True
True,False,False,True,False,True,False,True,False,False,True
True,True,True,True,True,True,True,True,False,False,True
True,True,False,True,True,True,True,True,False,False,True
True,True,True,True,True,True,True,True,False,False,True
True,True,True,True,True,True,False,True,True,True,True
True,True,True,True,True,True,True,True,True,False,True
True,True,True,True,True,True,False,False,True,False,True
True,True,True,True,True,True,False,False,False,False,True
True,False,False,False,True,True,False,False,False,False,True
True,True,True,True,True,True,True,True,False,True,True
False,False,False,True,False,False,False,False,False,False,True
True,True,True,False,False,False,True,True,False,False,True
True,True,True,False,False,False,False,False,False,False,True
True,True,True,True,True,True,True,False,False,False,True
True,False,True,False,True,True,False,False,False,False,True
True,False,True,False,False,False,False,True,False,False,True
True,False,True,True,True,True,True,True,False,False,True
True,True,True,True,True,True,True,True,False,False,True
True,True,False,True,True,True,True,True,False,False,True
True,True,False,False,False,False,True,True,False,False,True
True,True,True,True,True,True,True,True,False,False,True
True,True,True,True,True,True,True,True,False,False,True
True,True,True,True,True,True,True,True,False,False,True
True,True,True,True,True,True,True,True,False,False,True
True,True,True,True,True,True,True,True,False,False,True
True,True,True,True,True,True,True,True,False,True,True
True,True,True,True,True,True,True,False,False,False,True
True,False,False,True,False,True,False,True,False,False,True
True,True,True,False,False,True,False,True,False,False,True
True,True,False,False,False,True,False,False,False,False,True
True,True,False,True,True,True,True,True,False,False,True
True,True,True,True,True,True,True,True,True,False,True
True,True,True,True,True,True,False,False,True,False,True
True,True,True,True,True,True,True,True,True,False,True
True,True,True,True,True,True,True,True,True,True,True
True,True,True,True,True,True,False,False,True,True,True
True,True,True,True,True,True,False,False,False,True,True
True,True,True,True,True,True,False,False,False,True,True
True,True,True,True,True,True,False,False,False,True,True
True,True,True,True,True,True,False,True,False,False,True
True,True,True,True,True,True,True,True,False,False,True
True,True,True,True,True,True,True,True,False,False,True
False,False,True,True,True,True,False,False,False,True,True
False,False,True,True,True,True,False,False,False,True,True
False,False,True,True,False,False,False,False,False,True,True
False,False,False,True,True,True,False,False,False,False,True
True,True,True,True,True,True,True,True,True,False,True
True,True,True,True,True,True,True,True,False,False,True
False,True,True,True,True,True,True,True,True,True,True
True,True,True,True,True,True,True,True,True,False,True
True,True,True,True,True,True,True,False,False,False,True
True,True,True,True,True,True,True,False,False,True,True
True,True,True,True,True,True,True,False,False,False,True
True,True,True,True,True,True,True,False,False,False,True
True,True,True,True,True,True,True,False,False,False,True
True,True,True,True,True,True,True,True,False,False,True
True,True,True,True,True,True,True,False,False,False,True
True,True,True,True,True,True,True,False,False,False,True
True,False,True,True,True,False,True,False,False,True,True
True,True,True,True,True,True,True,True,False,False,True
False,False,True,False,True,False,True,False,False,False,True
False,False,True,True,True,True,False,False,False,True,True
True,True,True,True,True,True,False,True,False,False,True
False,False,True,True,False,True,False,False,False,True,True
True,True,True,True,False,False,False,False,False,False,True
True,False,True,True,True,True,True,True,False,False,True
True,True,True,True,True,True,True,True,False,False,True
True,True,True,True,True,True,True,True,False,False,True
True,True,True,False,False,False,False,False,False,False,True
True,True,True,True,True,True,True,True,False,False,True
True,True,True,True,True,True,True,False,False,False,True
True,True,True,True,True,True,True,False,False,False,True
True,True,True,False,False,False,True,False,False,False,True
False,False,True,True,False,False,True,True,False,False,True
True,True,True,True,True,True,False,False,False,False,True
True,True,True,True,True,True,True,True,False,False,True
True,True,True,True,True,True,False,False,True,True,True
True,True,True,True,True,True,True,True,False,False,True
True,True,False,False,False,False,True,True,False,False,True
True,True,True,True,True,True,True,True,False,True,True
True,True,True,True,True,True,True,True,False,True,True
True,True,True,True,True,True,True,True,False,True,True
True,True,True,True,True,True,True,True,False,True,True
True,True,True,True,True,True,True,True,False,False,True
True,True,True,True,True,True,True,True,False,False,True
True,True,True,True,True,True,False,False,False,False,True
True,True,True,True,True,True,False,False,False,False,True
True,True,True,True,True,True,True,True,True,False,True
True,True,True,True,True,True,False,False,False,False,True
True,True,True,False,False,False,False,False,False,False,True
True,True,True,True,True,True,True,True,False,False,True
True,True,True,True,True,True,True,False,False,False,True
False,False,False,False,False,False,False,False,False,False,True
False,False,False,False,True,True,False,False,False,False,True
True,True,True,True,True,True,False,False,False,False,True
True,True,True,True,True,True,True,True,False,False,True
True,True,True,True,True,True,True,True,False,False,True
True,True,True,True,True,True,True,True,False,False,True
True,True,True,True,True,True,False,False,False,False,True
True,True,True,False,False,False,True,True,False,False,True
True,True,True,True,True,True,True,True,False,False,True
True,False,True,True,True,True,False,False,False,False,True
True,False,True,True,True,True,False,False,False,False,True
True,True,True,True,True,True,False,False,False,False,True
True,True,True,True,True,True,True,True,False,False,True
True,True,True,True,True,True,False,False,False,False,True
True,True,True,True,True,True,False,False,False,False,True
True,True,True,True,True,True,False,True,True,False,True
True,True,True,True,True,True,True,True,False,True,True
True,True,True,True,True,True,True,True,False,True,True
False,True,True,True,True,True,True,True,False,True,True
False,True,True,True,True,True,True,True,False,True,True
True,True,True,True,True,True,True,True,True,False,True
True,True,True,True,True,True,False,True,False,False,True
True,False,False,False,False,True,False,False,False,False,True
True,True,True,True,True,True,True,False,False,False,True
True,True,True,True,True,True,False,False,False,False,True
True,True,True,True,True,True,False,False,False,False,True
True,True,True,True,True,True,False,False,False,False,True
True,False,False,False,False,True,False,True,False,False,True
True,True,True,True,True,True,False,False,False,False,True
True,False,True,True,False,False,False,False,False,False,True
True,True,True,True,True,True,False,False,False,False,True
True,True,True,True,True,True,True,True,False,False,True
True,True,True,True,True,True,True,True,False,False,True
True,True,True,True,True,True,False,False,False,False,True
True,True,False,False,False,False,False,False,False,False,True
True,True,True,True,True,True,True,False,True,False,True
True,True,True,True,True,True,False,True,False,False,True
True,True,True,True,True,True,False,False,False,False,True
True,True,True,True,True,True,True,True,False,False,True
True,True,True,True,True,True,True,False,False,True,True
True,True,True,True,True,True,True,False,False,False,True
True,True,True,True,True,True,True,False,False,False,True
True,True,True,True,True,True,True,True,False,False,True
True,True,False,True,True,True,False,True,False,False,True
True,True,True,True,True,True,False,False,False,False,True
True,True,True,True,True,True,False,False,False,False,True
True,True,True,False,True,True,False,False,False,False,True
True,True,True,True,True,True,True,True,False,False,True
True,False,True,True,True,True,False,False,False,False,True
True,True,True,True,True,True,True,False,False,False,True
True,True,True,True,True,True,False,False,False,False,True
True,True,True,True,True,True,True,False,False,False,True
True,True,True,True,True,True,True,False,False,False,True
True,False,False,False,False,False,True,True,False,False,True
False,False,True,True,True,True,False,False,False,False,True
True,True,True,True,True,True,True,True,True,True,True
True,True,True,True,True,True,True,True,True,True,True
True,True,True,True,True,True,True,True,False,False,True
True,True,True,True,True,True,True,True,False,False,True
True,True,True,True,True,True,True,True,False,True,True
True,True,True,True,True,True,False,False,False,True,True
True,True,True,True,True,True,False,False,False,True,True
False,False,False,True,False,False,False,False,False,False,True
True,True,True,True,True,True,True,True,False,True,True
True,True,False,True,False,False,True,True,False,True,True
True,True,True,True,True,True,True,True,False,True,True
True,True,True,True,True,True,True,True,False,True,True
True,False,False,True,False,False,True,False,False,False,True
True,False,True,True,False,False,True,False,False,True,True
True,True,True,True,False,False,True,True,False,False,True
True,True,True,True,False,False,True,True,False,False,True
True,True,True,True,False,False,True,True,False,False,True
True,True,False,False,False,True,False,True,False,False,True
True,False,False,False,False,False,False,True,False,False,True
True,True,True,True,True,True,False,False,False,False,True
True,False,False,True,False,True,False,True,False,False,True
True,True,False,True,True,True,False,False,False,False,True
True,True,True,True,True,True,True,True,False,False,True
True,True,True,True,True,True,True,True,False,False,True
True,False,True,True,True,True,False,False,False,False,True
False,False,True,True,True,True,False,False,False,False,True
True,False,True,True,True,True,False,False,False,False,True
True,True,True,True,True,True,True,True,False,False,True
True,True,True,True,True,True,True,True,True,False,True
True,True,True,False,False,False,False,False,False,False,True
True,True,True,True,True,True,True,False,False,False,True
True,True,True,True,True,True,True,True,False,True,True
True,True,False,True,True,True,False,True,False,False,True
True,True,True,True,True,True,False,False,False,True,True
True,True,True,True,True,True,False,False,False,True,True
True,True,True,True,True,True,False,False,False,True,True
True,True,True,True,True,True,False,False,True,True,True
True,True,True,True,True,True,False,False,True,True,True
True,True,True,True,True,True,False,False,True,False,True
True,True,True,True,True,True,True,False,False,False,True
True,True,True,True,True,True,False,False,False,False,True
True,True,True,True,True,True,False,False,True,True,True
True,True,True,True,True,True,True,False,False,True,True
False,False,True,True,True,True,True,False,False,False,True
True,True,True,True,True,True,False,False,False,False,True
True,False,False,False,False,True,True,True,False,False,True
True,True,True,True,True,True,True,True,False,False,True
True,True,False,False,False,False,False,False,False,False,True
False,False,False,True,False,False,False,False,False,False,True
True,True,True,True,True,True,True,True,False,True,True
True,True,True,True,True,True,False,True,False,True,True
True,True,True,True,True,True,False,True,True,True,True
False,False,True,True,True,True,False,True,False,True,True
True,True,True,True,True,True,True,True,True,True,True
True,True,True,True,True,True,False,False,True,True,True
True,True,True,True,True,True,True,True,True,True,True
True,True,True,True,True,True,True,True,False,False,True
True,True,True,True,True,True,True,True,True,True,True
True,True,True,True,True,True,True,True,False,False,True
True,True,True,True,True,True,True,True,True,False,True
True,True,True,True,True,True,False,False,True,True,True
True,True,True,True,True,True,False,False,False,True,True
True,True,True,True,True,True,False,False,True,False,True
True,True,True,True,True,True,True,True,True,True,True
True,True,True,True,True,True,True,True,True,True,True
False,False,True,False,False,False,False,False,False,False,True
True,True,True,True,True,True,False,False,True,True,True
True,True,True,True,True,True,True,True,False,False,True
True,True,True,True,True,True,True,True,True,True,True
True,True,True,True,True,True,True,True,False,False,True
True,True,False,True,True,True,False,True,False,False,True
True,True,True,True,True,True,True,True,False,False,True
True,True,True,True,True,True,True,True,False,False,True
True,True,True,True,True,True,True,True,False,False,True
True,True,True,False,False,False,True,True,False,False,False
True,False,True,True,True,True,False,False,False,False,True
True,False,False,True,True,False,False,False,False,False,True
True,False,True,True,True,True,True,True,False,False,True
True,True,True,True,True,True,True,False,False,False,True
True,True,True,True,True,True,True,False,False,False,True
True,True,True,True,True,True,True,True,False,False,True
True,True,True,True,True,True,False,False,False,False,True
True,True,False,True,True,True,False,False,False,False,True
True,True,True,True,True,True,False,False,True,False,True
True,True,True,True,True,True,False,False,True,False,True
True,True,True,True,True,True,False,False,False,False,True
True,True,True,True,True,True,False,False,False,False,True
True,True,False,True,False,False,True,False,False,False,True
False,False,False,False,False,False,False,False,False,False,True
False,True,True,True,True,True,False,False,False,False,True
True,True,True,True,True,True,True,True,False,False,True
True,True,True,True,True,True,False,True,False,False,True
True,True,True,True,True,True,True,True,False,False,True
True,True,True,True,True,True,False,False,True,False,True
True,True,True,True,True,True,False,False,False,False,True
True,True,True,True,True,False,False,False,False,False,True
True,True,True,True,True,True,False,False,False,False,True
True,True,True,True,True,True,False,False,False,False,True
True,True,True,True,True,True,False,True,True,False,True
True,True,True,True,False,False,False,False,False,False,True
True,True,True,True,True,True,False,False,True,False,True
True,True,True,True,True,True,False,False,True,True,True
True,True,True,True,True,True,False,False,False,True,True
True,True,False,False,False,False,False,False,True,False,True
True,True,True,True,True,True,False,False,False,False,True
True,True,True,True,True,True,False,False,False,False,True
True,True,True,False,False,False,False,False,False,False,True
True,True,True,True,True,True,False,False,False,True,True
True,True,True,True,True,True,True,False,False,False,True
True,True,True,True,True,True,False,False,False,False,True
True,True,True,True,True,True,False,False,True,False,True
True,False,False,False,False,False,False,False,False,False,True
False,False,True,True,True,True,False,False,False,False,True
True,True,True,True,True,True,True,True,True,True,True
True,True,True,True,True,True,False,False,False,False,True
False,False,True,False,True,False,False,False,False,False,True
True,True,True,True,True,True,False,False,False,False,True
True,True,False,True,True,True,False,True,False,False,True
True,True,True,True,True,True,False,True,False,False,True
True,True,True,True,True,True,False,False,True,True,True
True,True,True,True,True,True,True,False,False,False,True
True,True,True,True,True,True,True,True,True,False,True
True,True,True,True,True,True,True,True,False,False,True
True,False,False,True,False,True,False,False,False,False,True
False,False,False,False,True,True,False,False,False,False,True
True,True,False,False,False,False,False,True,False,False,True
True,False,False,True,False,False,False,True,False,False,True
True,True,True,True,True,True,False,False,False,True,True
True,True,True,True,False,False,False,False,False,True,True
True,True,True,True,True,True,False,False,False,False,True
True,True,True,True,True,True,False,True,True,False,True
True,True,True,True,True,True,False,False,False,False,True
True,True,True,False,False,True,True,False,False,False,True
True,True,True,False,True,False,True,False,False,False,True
True,False,True,True,True,True,False,False,False,False,True
True,True,True,True,True,True,False,False,False,False,True
True,True,True,True,True,True,True,True,False,False,True
True,True,True,True,True,True,True,True,False,False,True
True,True,True,True,True,True,True,True,False,False,True
True,True,True,True,True,True,False,False,False,False,True
True,True,True,True,True,True,True,True,False,False,True
True,True,True,True,True,True,False,False,False,False,True
True,True,False,True,False,False,False,False,False,True,True
True,True,True,True,True,True,True,True,False,False,True
False,False,False,True,True,True,True,True,False,False,True
True,True,False,False,False,False,False,False,False,False,True
True,False,False,False,False,False,False,False,False,False,True
True,True,False,True,False,False,False,False,False,False,True
True,True,True,True,True,True,False,False,True,False,True
True,True,True,True,True,True,False,False,False,False,True
True,True,True,True,True,True,False,False,False,False,True
True,True,True,True,True,True,False,False,False,False,True
True,True,True,True,True,True,True,True,False,True,True
True,True,True,True,True,True,True,True,False,False,True
True,True,True,True,True,True,False,False,False,True,True
True,True,True,True,True,True,False,True,True,False,True
True,True,True,True,True,True,False,False,True,False,True
True,True,True,True,True,True,True,True,True,True,True
True,True,True,True,True,True,True,True,False,False,True
True,True,True,True,True,True,True,True,False,False,True
True,True,True,True,True,True,True,True,True,False,True
True,True,True,True,True,True,False,False,False,False,True
False,True,True,True,True,True,True,False,False,False,True
False,True,True,False,True,True,False,False,False,False,True
False,True,True,True,True,True,False,False,False,False,True
False,True,True,True,True,True,False,True,True,False,True
False,True,True,True,True,True,False,False,False,False,True
False,False,False,False,False,False,False,False,False,False,True
True,True,True,True,True,True,False,False,False,False,True
True,True,True,True,True,True,True,True,False,False,True
True,True,True,True,True,True,False,False,False,False,True
True,True,False,True,False,False,False,False,False,False,True
True,True,True,True,True,True,True,False,False,False,True
True,False,False,False,False,True,True,True,False,False,True
True,True,True,True,True,True,True,True,False,True,True
True,True,True,True,True,True,False,False,False,False,True
True,True,True,True,True,True,False,False,False,True,True
True,True,True,True,True,True,False,False,False,False,True
True,True,False,True,True,True,False,False,False,False,True
True,True,True,True,True,True,True,False,False,True,True
True,True,True,True,True,True,True,False,False,False,True
True,False,True,True,True,True,True,False,False,True,True
True,True,True,True,True,True,False,False,False,False,True
True,True,True,True,True,True,False,False,False,False,True
True,True,True,True,True,True,False,False,False,True,True
True,True,True,False,False,False,True,False,False,False,True
True,True,False,True,True,True,False,False,False,False,True
False,False,False,False,True,True,True,True,False,False,True
False,False,False,True,False,False,True,False,False,False,True
True,True,True,True,True,True,False,False,False,False,True
False,False,True,True,False,False,False,False,False,False,True
True,True,True,True,True,True,False,False,True,False,True
True,True,True,True,True,True,False,False,False,False,True
True,True,True,True,True,True,False,False,True,False,True
True,True,True,True,False,False,False,False,True,False,True
True,False,True,True,True,True,False,False,False,False,True
True,True,True,True,True,True,False,True,True,False,True
True,True,True,True,True,True,True,True,False,True,True
False,False,False,False,True,True,True,True,False,False,True
False,False,True,False,True,True,True,True,False,False,True
False,False,True,True,True,True,False,True,False,False,True
False,False,False,True,False,False,False,False,False,False,True
True,True,True,True,True,True,True,True,False,False,True
True,True,True,True,True,True,True,True,False,False,True
True,True,True,True,True,True,False,False,True,False,True
True,True,True,True,True,True,False,False,True,False,True
True,True,True,True,True,True,False,False,False,False,True
False,False,True,True,True,True,False,False,False,False,True
True,True,True,True,True,True,False,False,False,False,True
True,True,True,True,True,True,True,True,True,True,True
True,True,True,True,True,True,False,False,False,False,True
True,True,True,True,True,True,False,False,False,False,True
True,True,True,True,True,True,False,False,False,False,True
True,True,True,True,True,True,True,True,False,True,True
False,True,True,True,True,True,True,False,False,False,True
True,True,True,True,True,True,True,False,False,False,True
True,True,True,True,True,True,True,False,False,False,True
True,True,True,True,True,True,True,False,False,False,True
True,True,True,True,True,True,True,True,False,False,True
True,True,True,True,True,True,True,False,False,False,True
True,True,True,True,True,True,False,True,False,False,True
False,False,True,True,True,True,False,False,False,True,True
False,False,True,True,True,True,False,False,False,True,True
False,False,False,True,True,True,False,False,False,False,True
False,False,False,True,False,False,False,False,False,False,True
True,True,True,True,True,True,False,False,False,False,True
False,False,True,False,True,True,False,False,True,False,True
True,True,True,True,True,True,False,True,True,False,True
True,True,True,True,True,True,True,True,False,False,True
True,True,True,True,True,True,True,True,False,False,True
True,True,True,True,True,True,True,True,True,True,True
True,True,True,True,True,True,True,True,False,False,True
True,False,False,False,True,True,False,False,False,False,True
True,True,True,True,True,True,True,True,False,True,True
True,True,True,True,True,True,False,True,False,False,True
True,True,True,True,True,True,True,False,False,False,True
True,True,True,False,False,True,True,True,False,False,True
True,False,True,False,False,False,True,False,False,False,True
True,True,True,True,True,True,False,True,False,False,True
False,False,False,True,False,False,False,True,False,False,True
True,True,True,True,True,True,True,True,False,False,True
True,True,True,False,False,False,False,False,False,True,True
True,True,True,False,False,False,False,False,False,False,True
True,True,True,True,True,True,False,False,False,False,True
False,False,True,True,True,True,False,False,True,False,True
True,True,True,True,True,True,False,False,True,False,True
False,False,False,False,True,True,False,False,True,False,True
True,False,True,True,True,False,False,False,True,False,True
True,True,True,False,False,True,False,False,True,False,True
True,True,True,True,True,True,False,False,False,False,True
True,False,False,True,True,False,False,False,False,False,True
True,True,True,True,True,True,False,False,False,False,True
True,True,True,True,True,True,False,False,False,False,True
True,True,True,True,True,True,True,True,False,False,True
True,True,True,True,True,True,True,False,False,False,True
True,True,True,True,True,True,True,False,True,False,True
True,True,True,True,True,True,True,True,True,False,True
True,True,True,True,True,True,True,True,False,False,True
True,True,True,True,True,True,True,False,False,False,True
True,True,True,True,True,True,True,True,False,False,True
False,False,False,True,True,False,False,False,False,False,True
True,True,True,True,True,True,True,True,True,False,True
True,True,True,True,True,True,False,False,True,False,True
False,True,True,True,True,True,False,False,False,False,True
True,True,True,True,True,True,True,True,False,False,True
True,True,True,True,False,False,False,False,False,False,True
True,True,True,True,True,True,True,True,False,False,True
True,True,True,True,True,True,True,False,True,False,True
True,True,True,True,True,True,True,True,True,False,True
True,True,True,True,True,True,True,True,True,False,True
True,True,True,True,True,True,True,False,True,False,True
True,True,True,True,True,True,True,True,True,False,True
True,True,True,True,True,True,True,True,False,False,True
True,False,True,True,True,True,True,True,True,True,True
True,True,False,True,True,True,True,True,False,False,True
True,True,True,True,True,True,True,True,False,False,True
True,True,True,True,True,True,False,False,False,False,True
True,True,True,True,True,True,False,True,True,False,True
True,True,True,True,True,True,False,False,False,False,True
True,True,True,True,True,True,False,False,False,False,True
False,False,False,True,False,True,False,False,False,False,True
True,True,False,True,True,True,False,False,True,False,True
True,True,True,True,True,True,True,False,False,False,True
True,True,True,True,True,True,True,True,False,False,True
True,True,True,True,True,True,True,True,False,True,True
True,True,True,True,True,True,True,False,False,False,True
True,False,True,True,False,False,True,False,False,False,True
True,False,True,True,False,False,True,False,False,False,True
True,False,False,False,False,False,True,True,False,False,True
True,True,True,True,True,True,True,True,False,False,True
True,True,True,True,True,True,True,True,False,False,True
True,True,True,True,True,True,True,False,False,False,True
True,True,True,True,False,False,True,True,False,True,True
True,True,True,True,True,True,True,True,False,False,True
True,True,True,True,True,True,True,False,False,False,True
False,False,True,False,False,False,False,False,True,False,True
False,False,True,True,True,True,False,False,False,False,True
True,True,True,True,True,True,True,True,False,False,True
True,True,True,True,True,True,False,False,True,False,True
True,True,True,True,True,True,True,True,True,True,True
True,True,True,True,True,True,True,False,False,False,True
True,True,True,True,True,True,False,False,False,False,True
True,True,False,True,True,True,True,True,False,False,True
True,False,True,False,False,True,False,False,False,False,True
True,True,True,False,False,True,True,True,False,False,True
False,True,True,False,False,True,True,False,False,False,True
True,True,True,True,True,True,False,False,False,False,True
True,True,True,True,True,True,True,True,False,False,True
False,True,True,True,True,True,False,True,False,False,True
False,False,True,True,True,True,False,False,False,False,True
True,True,True,True,True,True,False,False,False,False,True
False,True,True,True,True,True,False,True,False,False,True
True,True,True,True,True,True,True,False,False,False,True
True,True,True,True,True,True,False,False,False,False,True
True,True,True,True,True,True,False,False,False,False,True
True,True,True,True,True,True,False,False,False,False,True
True,True,True,True,True,True,True,False,False,False,True
True,True,True,True,True,True,True,False,False,False,True
True,True,True,True,True,True,True,True,False,False,True
True,True,True,True,True,True,False,False,False,False,True
True,True,True,True,True,True,False,False,False,True,True
True,True,True,True,True,True,True,True,False,False,True
True,True,True,True,True,True,False,False,False,False,True
True,True,True,True,True,True,False,False,False,False,True
True,True,True,True,True,True,True,True,True,False,True
True,True,False,True,True,True,True,True,False,False,True
True,True,True,True,True,True,True,True,True,False,True
True,True,False,True,True,True,True,True,False,False,True
False,False,True,True,True,True,False,True,False,True,True
True,True,True,True,True,True,True,True,False,False,True
True,True,True,True,True,True,True,True,False,False,True
True,True,True,True,True,True,True,False,False,False,True
True,True,True,True,True,True,True,True,False,False,True
True,True,True,True,True,True,False,False,False,False,True
True,True,True,True,False,False,False,False,False,False,True
True,False,True,True,True,True,False,False,False,False,True
False,False,False,False,False,True,False,True,False,False,True
True,True,True,False,True,True,True,False,False,False,True
True,True,True,True,False,False,True,False,False,False,True
True,False,True,True,False,True,False,False,False,True,True
False,True,True,False,True,True,False,False,False,False,True
True,True,True,True,True,True,False,False,False,False,True
True,True,True,True,True,True,False,False,False,False,True
True,True,True,True,True,True,True,True,False,False,True
True,True,True,True,True,True,False,False,False,False,True
True,True,False,False,True,True,False,False,False,False,True
True,True,True,False,True,True,True,False,False,False,True
False,False,False,False,False,True,False,False,False,False,True
True,False,False,False,False,True,True,True,False,False,True
True,False,False,False,False,False,True,True,False,False,True
True,False,False,True,False,False,True,False,False,True,True
False,False,True,True,True,True,False,False,False,True,True
True,True,False,True,True,True,True,False,False,False,True
True,False,True,True,True,True,True,False,False,False,True
True,False,True,True,False,False,True,False,False,False,True
True,True,True,True,True,True,False,False,False,False,True
True,True,True,True,True,True,False,False,False,False,True
True,True,False,False,False,False,False,False,False,False,True
True,True,True,True,True,True,False,False,False,False,True
True,True,True,True,True,True,False,False,False,False,True
True,False,True,True,True,True,False,False,False,False,True
False,True,True,True,True,True,True,True,False,True,True
False,True,True,True,True,True,True,False,False,False,True
True,True,True,True,True,True,True,False,True,False,True
False,True,True,True,True,True,True,False,False,False,True
True,True,True,True,True,True,True,False,False,False,True
True,True,True,True,True,True,True,False,False,False,True
True,True,True,True,True,True,True,True,True,True,True
True,True,True,True,True,True,False,False,False,False,True
False,False,True,True,True,True,False,False,False,False,True
True,True,True,True,True,False,False,False,False,False,True
True,True,True,True,True,True,False,False,False,False,True
False,False,False,True,False,False,False,False,False,False,True
True,True,True,True,True,True,True,False,True,False,True
False,False,True,True,True,True,True,False,True,False,True
True,True,True,True,False,True,True,False,True,True,True
True,False,True,True,True,True,True,False,True,True,True
False,False,True,True,True,True,True,False,True,False,True
True,True,True,True,True,True,True,False,False,False,True
True,True,True,True,True,True,True,True,True,False,True
True,True,True,True,True,True,False,False,False,True,True
True,False,False,True,True,True,False,False,False,True,True
True,True,True,True,True,True,False,True,True,False,True
True,True,True,False,False,False,False,False,True,False,True
True,True,True,True,True,True,False,False,False,False,True
True,True,True,True,False,False,True,True,False,False,True
False,True,False,True,True,True,False,False,False,False,True
True,True,True,True,True,True,False,False,False,True,True
True,True,True,True,True,True,False,False,False,False,True
True,True,True,True,True,True,False,False,False,False,True
True,False,True,True,False,False,False,False,False,False,True
True,True,True,True,True,True,True,False,False,False,True
True,True,True,True,True,True,True,True,False,False,True
False,False,True,True,True,True,True,False,False,False,True
False,False,False,False,False,False,False,True,False,False,True
True,True,True,True,True,True,True,True,True,False,True
True,True,True,True,True,True,False,False,False,False,True
False,True,True,True,True,True,True,True,False,False,True
True,True,True,True,True,True,True,True,False,False,True
False,False,False,True,False,False,True,True,False,False,True
True,True,True,True,True,True,False,False,False,False,True
True,True,True,True,True,True,False,False,False,False,True
True,True,True,True,True,True,False,False,False,False,True
False,True,True,True,False,True,False,False,False,False,True
False,True,True,True,True,True,False,False,True,True,True
True,True,True,True,True,True,True,True,False,False,True
True,True,False,True,True,True,True,True,False,False,True
True,True,False,True,False,True,False,True,False,False,True
True,True,True,True,True,True,False,False,False,False,True
True,True,True,True,True,True,True,True,False,False,True
True,True,False,False,False,False,True,True,False,False,True
True,False,True,False,False,False,True,False,False,False,True
True,True,True,False,True,True,True,False,False,False,False
True,True,True,True,True,True,False,False,True,False,True
True,True,True,True,True,True,False,False,True,False,True
False,False,True,True,True,True,False,False,False,True,True
True,True,True,True,True,True,False,False,True,False,True
True,True,True,True,True,True,True,True,False,False,True
True,True,True,False,False,False,True,True,False,False,True
True,True,True,True,True,True,False,True,False,False,True
True,False,True,False,False,False,False,False,False,False,True
True,True,False,False,False,True,True,True,False,False,True
True,True,True,True,True,True,True,True,False,False,True
True,True,True,True,True,True,False,True,False,False,True
True,True,False,True,True,True,False,True,False,False,True
True,True,True,True,False,False,True,True,False,False,True
True,True,True,True,True,True,False,False,False,False,True
True,True,True,True,True,True,False,False,False,False,True
True,True,True,True,False,False,False,False,False,False,True
True,True,True,True,True,True,False,False,False,False,True
False,True,True,True,False,False,True,False,False,True,True
False,True,True,True,True,True,False,False,True,False,True
False,False,True,True,False,False,False,False,False,True,True
False,False,False,True,True,True,False,False,False,False,True
True,False,True,True,False,False,True,False,False,True,True
False,False,True,True,True,False,False,False,False,True,True
True,False,True,True,True,True,True,True,False,False,True
False,False,False,False,False,False,True,False,False,False,True
True,True,True,True,True,True,True,False,False,False,True
False,False,False,True,False,True,False,False,False,False,True
True,True,False,True,False,False,False,False,False,False,True
True,True,True,True,True,True,False,False,False,False,True
True,True,True,True,True,True,True,True,False,False,True
False,False,False,False,False,False,False,False,False,False,True
True,True,True,True,True,True,True,True,True,False,True
True,True,True,True,True,True,False,False,False,False,True
True,True,True,True,True,True,False,False,False,False,True
True,True,True,True,True,True,True,False,False,False,True
True,True,True,True,True,True,False,False,False,False,True
False,False,False,True,True,True,False,False,False,False,True
True,False,True,True,True,True,False,False,False,False,True
True,True,True,True,True,True,True,True,False,False,True
False,False,False,True,True,True,False,False,False,False,True
True,True,False,True,True,True,True,True,False,False,True
True,True,True,False,True,True,True,True,False,False,True
True,False,False,True,False,False,False,False,False,False,True
True,True,False,True,True,True,True,True,False,False,True
False,True,True,True,True,True,False,True,False,False,True
True,False,False,True,True,True,False,False,False,False,True
False,False,True,True,True,True,True,True,True,False,True
True,True,True,True,True,True,False,False,False,False,True
True,True,True,True,True,True,False,False,False,False,True
True,True,True,True,True,True,True,True,False,False,True
True,True,False,True,True,True,False,False,False,False,True
True,True,True,True,True,True,True,True,True,False,True
True,True,True,True,True,True,False,False,False,False,True
True,True,True,True,True,True,True,True,True,False,True
True,True,True,True,True,True,True,True,False,False,True
True,True,True,True,True,True,True,True,False,False,True
True,True,False,False,False,False,False,False,False,False,True
True,True,False,True,True,True,False,True,False,False,True
True,True,True,True,True,True,True,True,False,False,True
True,True,True,True,True,True,True,True,True,True,True
True,True,True,True,True,True,True,True,True,True,True
True,False,True,True,True,True,False,False,False,False,True
True,False,True,True,True,True,False,False,True,False,True
True,True,True,True,True,True,False,False,True,False,True
True,True,True,True,True,True,False,True,True,False,True
True,False,True,True,True,True,True,False,False,False,True
False,False,False,True,False,False,False,False,False,False,True
True,True,True,True,True,True,True,True,False,False,True
True,False,True,False,True,False,True,False,False,False,True
True,True,True,True,True,True,True,True,False,False,True
True,True,True,True,True,True,True,False,False,True,True
True,True,True,True,True,True,False,False,False,False,True
True,True,True,True,True,True,True,True,False,False,True
True,False,True,True,True,True,False,False,False,False,True
True,False,True,True,True,True,False,False,False,False,True
True,True,True,True,True,True,False,False,False,False,True
False,False,False,False,False,False,False,False,False,False,True
False,False,False,True,False,False,False,False,False,False,True
True,True,True,True,True,True,True,False,False,False,True
